cube_id,direction,interpretation,labeled_stencil_factor,q_name,requested_ell_cells,scope,supported_comparison,three_point_actual_shell_center_cells,three_point_curve_value,three_point_over_two_point,two_point_actual_shell_center_cells,two_point_curve_value
L640_sub00370,parallel,comparison of distinctly labeled products; not an interchangeability or correction claim,2.0101731037303883,B,32.0,representative_overlap,True,31.741140496207755,0.0032269053402254077,0.49746959510315075,31.984371183438952,0.0064866383232050715
L640_sub00370,parallel,comparison of distinctly labeled products; not an interchangeability or correction claim,1.698859066851925,B,64.0,representative_overlap,True,64.98269000279997,0.009090521091567013,0.5886303458079383,62.96824596572466,0.015443514178817279
L640_sub00370,parallel,comparison of distinctly labeled products; not an interchangeability or correction claim,1.5417368574111727,B,128.0,representative_overlap,True,125.9642806513021,0.01741588992985287,0.6486191175835044,125.193849689192,0.026850719409470248
L640_sub00370,xi,comparison of distinctly labeled products; not an interchangeability or correction claim,1.472401949183392,B,32.0,representative_overlap,True,31.741140496207755,0.008408518267995593,0.679162371765814,31.984371183438952,0.01238071868754087
L640_sub00370,xi,comparison of distinctly labeled products; not an interchangeability or correction claim,1.3359057963797678,B,64.0,representative_overlap,True,64.98269000279997,0.015804039029873766,0.7485557759461376,62.96824596572466,0.021112707346220446
L640_sub00370,xi,comparison of distinctly labeled products; not an interchangeability or correction claim,1.1891925420017917,B,128.0,representative_overlap,True,125.9642806513021,0.03390708957379342,0.8409067200477728,125.193849689192,0.040322058042141846
L640_sub00370,lambda,comparison of distinctly labeled products; not an interchangeability or correction claim,1.3131654276120848,B,32.0,representative_overlap,True,31.741140496207755,0.02728081763323977,0.761518677672197,31.984371183438952,0.0358242265529606
L640_sub00370,lambda,comparison of distinctly labeled products; not an interchangeability or correction claim,1.1662303004631704,B,64.0,representative_overlap,True,64.98269000279997,0.04607828874804229,0.857463572677582,62.96824596572466,0.053737896531458086
L640_sub00370,lambda,comparison of distinctly labeled products; not an interchangeability or correction claim,1.4425878860424977,B,128.0,representative_overlap,True,125.9642806513021,0.05109507923719231,0.6931986672530125,125.193849689192,0.07370914234395516
L640_sub00370,parallel,comparison of distinctly labeled products; not an interchangeability or correction claim,1.9047583520290425,u,32.0,representative_overlap,True,31.741140496207755,0.0024025991092777852,0.5250009792238216,31.984371183438952,0.004576370719974399
L640_sub00370,parallel,comparison of distinctly labeled products; not an interchangeability or correction claim,1.5526980708096838,u,64.0,representative_overlap,True,64.98269000279997,0.007343618894875779,0.644040215415822,62.96824596572466,0.011402422890835165
L640_sub00370,parallel,comparison of distinctly labeled products; not an interchangeability or correction claim,1.2423625729079242,u,128.0,representative_overlap,True,125.9642806513021,0.016166337798149293,0.8049180020445719,125.193849689192,0.020084453021407378
L640_sub00370,xi,comparison of distinctly labeled products; not an interchangeability or correction claim,1.4239086692052916,u,32.0,representative_overlap,True,31.741140496207755,0.007316576188424558,0.7022922337835877,31.984371183438952,0.010418136263598738
L640_sub00370,xi,comparison of distinctly labeled products; not an interchangeability or correction claim,1.1907392012921254,u,64.0,representative_overlap,True,64.98269000279997,0.01399452366219883,0.8398144605593353,62.96824596572466,0.016663827927990385
L640_sub00370,xi,comparison of distinctly labeled products; not an interchangeability or correction claim,1.0824092087871453,u,128.0,representative_overlap,True,125.9642806513021,0.02821013254394455,0.9238650150810468,125.193849689192,0.030534907246671524
L640_sub00370,lambda,comparison of distinctly labeled products; not an interchangeability or correction claim,1.2366288970071402,u,32.0,representative_overlap,True,31.741140496207755,0.021363588330345122,0.8086500343152067,31.984371183438952,0.0264188306730693
L640_sub00370,lambda,comparison of distinctly labeled products; not an interchangeability or correction claim,1.163565156578162,u,64.0,representative_overlap,True,64.98269000279997,0.03530085869756099,0.8594275914387313,62.96824596572466,0.04107484917777113
L640_sub00370,lambda,comparison of distinctly labeled products; not an interchangeability or correction claim,1.568232304380606,u,128.0,representative_overlap,True,125.9642806513021,0.041041624282386314,0.6376606305116022,125.193849689192,0.06436280102388972
L640_sub02822,parallel,comparison of distinctly labeled products; not an interchangeability or correction claim,1.6426623999385344,B,32.0,all21_extension_only,True,31.741140496207755,0.002763687636625346,0.6087678150041167,31.984371183438952,0.004539805765859447
L640_sub02822,parallel,comparison of distinctly labeled products; not an interchangeability or correction claim,1.4546449795596423,B,64.0,all21_extension_only,True,64.98269000279997,0.006631829012231874,0.6874529620985081,62.96824596572466,0.009646956777941078
L640_sub02822,parallel,comparison of distinctly labeled products; not an interchangeability or correction claim,1.7442506185654856,B,128.0,all21_extension_only,True,125.9642806513021,0.011473745371929276,0.5733121085675317,125.193849689192,0.020013087462250518
L640_sub02822,xi,comparison of distinctly labeled products; not an interchangeability or correction claim,1.4567858950933814,B,32.0,all21_extension_only,True,31.741140496207755,0.009279595926499361,0.6864426703801241,31.984371183438952,0.013518384457890269
L640_sub02822,xi,comparison of distinctly labeled products; not an interchangeability or correction claim,1.4542828146776685,B,64.0,all21_extension_only,True,64.98269000279997,0.01901055483491955,0.6876241607940907,62.96824596572466,0.02764672319391096
L640_sub02822,xi,comparison of distinctly labeled products; not an interchangeability or correction claim,1.462070000340873,B,128.0,all21_extension_only,True,125.9642806513021,0.03517656599954943,0.6839617800562598,125.193849689192,0.05143060186295198
L640_sub02822,lambda,comparison of distinctly labeled products; not an interchangeability or correction claim,1.7772348141009071,B,32.0,all21_extension_only,True,31.741140496207755,0.019767869051783862,0.5626718495866818,31.984371183438952,0.03513214507941817
L640_sub02822,lambda,comparison of distinctly labeled products; not an interchangeability or correction claim,1.3690103159845066,B,64.0,all21_extension_only,True,64.98269000279997,0.04278268842426877,0.7304546856397225,62.96824596572466,0.05856994179837489
L640_sub02822,lambda,comparison of distinctly labeled products; not an interchangeability or correction claim,1.3041651441537176,B,128.0,all21_extension_only,True,125.9642806513021,0.07017316576306261,0.7667740580882548,125.193849689192,0.09151739684310728
L640_sub02822,parallel,comparison of distinctly labeled products; not an interchangeability or correction claim,1.5121093552576599,u,32.0,all21_extension_only,True,31.741140496207755,0.001323501973534473,0.661327830902549,31.984371183438952,0.0020012797158834522
L640_sub02822,parallel,comparison of distinctly labeled products; not an interchangeability or correction claim,1.3301333313399186,u,64.0,all21_extension_only,True,64.98269000279997,0.0037496901319260304,0.7518043315196405,62.96824596572466,0.00498758782667119
L640_sub02822,parallel,comparison of distinctly labeled products; not an interchangeability or correction claim,1.1757792529572415,u,128.0,all21_extension_only,True,125.9642806513021,0.008436323237752388,0.8504997834286213,125.193849689192,0.009919253834190319
L640_sub02822,xi,comparison of distinctly labeled products; not an interchangeability or correction claim,1.2504888260288898,u,32.0,all21_extension_only,True,31.741140496207755,0.005490587022311583,0.7996872736365397,31.984371183438952,0.006865917719739868
L640_sub02822,xi,comparison of distinctly labeled products; not an interchangeability or correction claim,1.2536006267950977,u,64.0,all21_extension_only,True,64.98269000279997,0.010087455706102307,0.7977022176165927,62.96824596572466,0.012645640795937637
L640_sub02822,xi,comparison of distinctly labeled products; not an interchangeability or correction claim,1.2049177618542097,u,128.0,all21_extension_only,True,125.9642806513021,0.01514294598759276,0.8299321594040839,125.193849689192,0.018246004587249454
L640_sub02822,lambda,comparison of distinctly labeled products; not an interchangeability or correction claim,1.2385313164842433,u,32.0,all21_extension_only,True,31.741140496207755,0.012261000429856823,0.8074079247658024,31.984371183438952,0.015185633003804443
L640_sub02822,lambda,comparison of distinctly labeled products; not an interchangeability or correction claim,1.2526791466747187,u,64.0,all21_extension_only,True,64.98269000279997,0.01770741736792487,0.7982890133156089,62.96824596572466,0.02218171247826522
L640_sub02822,lambda,comparison of distinctly labeled products; not an interchangeability or correction claim,1.2677094592407374,u,128.0,all21_extension_only,True,125.9642806513021,0.02228245772894736,0.7888242788682233,125.193849689192,0.028247682438118447
L640_sub03026,parallel,comparison of distinctly labeled products; not an interchangeability or correction claim,1.1266408074803036,B,32.0,all21_extension_only,True,31.741140496207755,0.008126975626980306,0.8875943365094934,31.984371183438952,0.00915618238275384
L640_sub03026,parallel,comparison of distinctly labeled products; not an interchangeability or correction claim,1.4470900048714077,B,64.0,all21_extension_only,True,64.98269000279997,0.023312061147822843,0.6910420199390864,62.96824596572466,0.03373465067996551
L640_sub03026,parallel,comparison of distinctly labeled products; not an interchangeability or correction claim,1.3935479499614631,B,128.0,all21_extension_only,True,125.9642806513021,0.045942302601898195,0.7175928176907395,125.193849689192,0.06402280160738442
L640_sub03026,xi,comparison of distinctly labeled products; not an interchangeability or correction claim,1.292741837418565,B,32.0,all21_extension_only,True,31.741140496207755,0.005593222550775352,0.7735496531905148,31.984371183438952,0.007230592797380282
L640_sub03026,xi,comparison of distinctly labeled products; not an interchangeability or correction claim,1.2519822354126529,B,64.0,all21_extension_only,True,64.98269000279997,0.00954187539464501,0.7987333779303989,62.96824596572466,0.011946258486616648
L640_sub03026,xi,comparison of distinctly labeled products; not an interchangeability or correction claim,1.2022370794850028,B,128.0,all21_extension_only,True,125.9642806513021,0.012573958153683944,0.8317826966610993,125.193849689192,0.015116878728251622
L640_sub03026,lambda,comparison of distinctly labeled products; not an interchangeability or correction claim,1.4961647122117878,B,32.0,all21_extension_only,True,31.741140496207755,0.013910011731480742,0.6683756085395804,31.984371183438952,0.02081166869909348
L640_sub03026,lambda,comparison of distinctly labeled products; not an interchangeability or correction claim,1.4198652655335322,B,64.0,all21_extension_only,True,64.98269000279997,0.023483372080182658,0.7042921777681754,62.96824596572466,0.033343224334251284
L640_sub03026,lambda,comparison of distinctly labeled products; not an interchangeability or correction claim,1.552200888387423,B,128.0,all21_extension_only,True,125.9642806513021,0.03545882811787709,0.6442465066740795,125.193849689192,0.055039224505745755
L640_sub03026,parallel,comparison of distinctly labeled products; not an interchangeability or correction claim,1.4461522056748237,u,32.0,all21_extension_only,True,31.741140496207755,0.006825537646842035,0.6914901461104269,31.984371183438952,0.009870766322897155
L640_sub03026,parallel,comparison of distinctly labeled products; not an interchangeability or correction claim,1.4918710643877444,u,64.0,all21_extension_only,True,64.98269000279997,0.0262200611617863,0.6702992127609865,62.96824596572466,0.03911695055374588
L640_sub03026,parallel,comparison of distinctly labeled products; not an interchangeability or correction claim,1.0142814564333547,u,128.0,all21_extension_only,True,125.9642806513021,0.09691673875783839,0.9859196317326215,125.193849689192,0.09830085094007127
L640_sub03026,xi,comparison of distinctly labeled products; not an interchangeability or correction claim,1.2155041627827734,u,32.0,all21_extension_only,True,31.741140496207755,0.005464673622030552,0.8227038875050839,31.984371183438952,0.0066423335358273515
L640_sub03026,xi,comparison of distinctly labeled products; not an interchangeability or correction claim,1.2361915380732371,u,64.0,all21_extension_only,True,64.98269000279997,0.01041099483703468,0.8089361310130209,62.96824596572466,0.012869983720466431
L640_sub03026,xi,comparison of distinctly labeled products; not an interchangeability or correction claim,1.639631308027151,u,128.0,all21_extension_only,True,125.9642806513021,0.01214461955341127,0.6098932089819797,125.193849689192,0.019912698443851837
L640_sub03026,lambda,comparison of distinctly labeled products; not an interchangeability or correction claim,1.2236022596974137,u,32.0,all21_extension_only,True,31.741140496207755,0.01841884480726438,0.8172590333784537,31.984371183438952,0.02253734012718467
L640_sub03026,lambda,comparison of distinctly labeled products; not an interchangeability or correction claim,1.2755156066450448,u,64.0,all21_extension_only,True,64.98269000279997,0.02488163751791572,0.7839966792960485,62.96824596572466,0.031736916972986376
L640_sub03026,lambda,comparison of distinctly labeled products; not an interchangeability or correction claim,1.1527735427134995,u,128.0,all21_extension_only,True,125.9642806513021,0.024539336755784465,0.8674730664325555,125.193849689192,0.028288298167805252
L640_sub02615,parallel,comparison of distinctly labeled products; not an interchangeability or correction claim,1.9536125794141759,B,32.0,all21_extension_only,True,31.741140496207755,0.003253228762187226,0.5118722158821618,31.984371183438952,0.0063555486335209735
L640_sub02615,parallel,comparison of distinctly labeled products; not an interchangeability or correction claim,1.8305317419005838,B,64.0,all21_extension_only,True,64.98269000279997,0.008405284686133266,0.5462893524925885,62.96824596572466,0.01538614041767783
L640_sub02615,parallel,comparison of distinctly labeled products; not an interchangeability or correction claim,1.5846955600874888,B,128.0,all21_extension_only,True,125.9642806513021,0.016338445652911558,0.6310360331575557,125.193849689192,0.02589146228489968
L640_sub02615,xi,comparison of distinctly labeled products; not an interchangeability or correction claim,1.291244186695856,B,32.0,all21_extension_only,True,31.741140496207755,0.013327389499664508,0.7744468554463614,31.984371183438952,0.017208914215273187
L640_sub02615,xi,comparison of distinctly labeled products; not an interchangeability or correction claim,1.2605892918264392,B,64.0,all21_extension_only,True,64.98269000279997,0.025719060493084128,0.79327978310138,62.96824596572466,0.03242117225341827
L640_sub02615,xi,comparison of distinctly labeled products; not an interchangeability or correction claim,1.1143648383516236,B,128.0,all21_extension_only,True,125.9642806513021,0.03787477860251868,0.8973721761350683,125.193849689192,0.04220632153499926
L640_sub02615,lambda,comparison of distinctly labeled products; not an interchangeability or correction claim,1.2298866286820056,B,32.0,all21_extension_only,True,31.741140496207755,0.03020320810564372,0.8130830734143675,31.984371183438952,0.03714652179243118
L640_sub02615,lambda,comparison of distinctly labeled products; not an interchangeability or correction claim,1.5113792936500925,B,64.0,all21_extension_only,True,64.98269000279997,0.04595041475396093,0.6616472808654975,62.96824596572466,0.06944850539377026
L640_sub02615,lambda,comparison of distinctly labeled products; not an interchangeability or correction claim,1.3524655493642583,B,128.0,all21_extension_only,True,125.9642806513021,0.07794754033396406,0.7393903678138503,125.193849689192,0.10542136295936738
L640_sub02615,parallel,comparison of distinctly labeled products; not an interchangeability or correction claim,1.838626885158587,u,32.0,all21_extension_only,True,31.741140496207755,0.0023643471954271746,0.5438841387951026,31.984371183438952,0.004347152319361707
L640_sub02615,parallel,comparison of distinctly labeled products; not an interchangeability or correction claim,1.4898342523286852,u,64.0,all21_extension_only,True,64.98269000279997,0.0062115752442672735,0.6712156056534142,62.96824596572466,0.009254217559826304
L640_sub02615,parallel,comparison of distinctly labeled products; not an interchangeability or correction claim,1.368675088707725,u,128.0,all21_extension_only,True,125.9642806513021,0.010468425713544503,0.7306335946716028,125.193849689192,0.014327873492115752
L640_sub02615,xi,comparison of distinctly labeled products; not an interchangeability or correction claim,1.2960318638562625,u,32.0,all21_extension_only,True,31.741140496207755,0.010197339220308825,0.7715859678207,31.984371183438952,0.013216076556071413
L640_sub02615,xi,comparison of distinctly labeled products; not an interchangeability or correction claim,1.0352535891734012,u,64.0,all21_extension_only,True,64.98269000279997,0.019972713794162336,0.9659469046598047,62.96824596572466,0.02067682364093966
L640_sub02615,xi,comparison of distinctly labeled products; not an interchangeability or correction claim,1.1028269607632744,u,128.0,all21_extension_only,True,125.9642806513021,0.026935648052664705,0.9067605667782124,125.193849689192,0.029705358878109427
L640_sub02615,lambda,comparison of distinctly labeled products; not an interchangeability or correction claim,1.2756551685023996,u,32.0,all21_extension_only,True,31.741140496207755,0.01808367714100754,0.7839109068746104,31.984371183438952,0.023068536210454963
L640_sub02615,lambda,comparison of distinctly labeled products; not an interchangeability or correction claim,1.251783057319133,u,64.0,all21_extension_only,True,64.98269000279997,0.02954090255662376,0.7988604687953188,62.96824596572466,0.03697880131829708
L640_sub02615,lambda,comparison of distinctly labeled products; not an interchangeability or correction claim,1.0655109727795227,u,128.0,all21_extension_only,True,125.9642806513021,0.05010881749693203,0.9385168482980247,125.193849689192,0.05339149487598761
L640_sub03942,parallel,comparison of distinctly labeled products; not an interchangeability or correction claim,1.9179894067445638,B,32.0,representative_overlap,True,31.741140496207755,0.011706249630944708,0.5213793134015882,31.984371183438952,0.02245246278485941
L640_sub03942,parallel,comparison of distinctly labeled products; not an interchangeability or correction claim,1.7637189225465915,B,64.0,representative_overlap,True,64.98269000279997,0.028527543271857445,0.5669837677741326,62.96824596572466,0.050314567882341676
L640_sub03942,parallel,comparison of distinctly labeled products; not an interchangeability or correction claim,1.5038872906760827,B,128.0,representative_overlap,True,125.9642806513021,0.07609595009286267,0.6649434476904471,125.193849689192,0.11443973221657765
L640_sub03942,xi,comparison of distinctly labeled products; not an interchangeability or correction claim,1.4596853101254734,B,32.0,representative_overlap,True,31.741140496207755,0.018491243561297017,0.6850791695054058,31.984371183438952,0.0269913965923775
L640_sub03942,xi,comparison of distinctly labeled products; not an interchangeability or correction claim,1.3529821652585994,B,64.0,representative_overlap,True,64.98269000279997,0.0473737822830514,0.7391080427204797,62.96824596572466,0.06409588252981235
L640_sub03942,xi,comparison of distinctly labeled products; not an interchangeability or correction claim,1.1320695543383836,B,128.0,representative_overlap,True,125.9642806513021,0.0979282217103662,0.8833379505417677,125.193849689192,0.11086155830880469
L640_sub03942,lambda,comparison of distinctly labeled products; not an interchangeability or correction claim,1.3763892005124843,B,32.0,representative_overlap,True,31.741140496207755,0.05371341738521158,0.7265386851536326,31.984371183438952,0.07393056761162474
L640_sub03942,lambda,comparison of distinctly labeled products; not an interchangeability or correction claim,1.1647371881775663,B,64.0,representative_overlap,True,64.98269000279997,0.10682352413867367,0.8585627815015281,62.96824596572466,0.12442133113649714
L640_sub03942,lambda,comparison of distinctly labeled products; not an interchangeability or correction claim,1.0512672547114852,B,128.0,representative_overlap,True,125.9642806513021,0.18119676151339625,0.951232900595239,125.193849689192,0.19048622203879978
L640_sub03942,parallel,comparison of distinctly labeled products; not an interchangeability or correction claim,1.1413798647870794,u,32.0,representative_overlap,True,31.741140496207755,0.004697371684495305,0.8761325049189882,31.984371183438952,0.005361485458103906
L640_sub03942,parallel,comparison of distinctly labeled products; not an interchangeability or correction claim,1.3221776839813808,u,64.0,representative_overlap,True,64.98269000279997,0.009621336177363186,0.7563279974509706,62.96824596572466,0.01272111598379233
L640_sub03942,parallel,comparison of distinctly labeled products; not an interchangeability or correction claim,1.1555949135701096,u,128.0,representative_overlap,True,125.9642806513021,0.019831621287218344,0.8653551415440098,125.193849689192,0.022917320687358227
L640_sub03942,xi,comparison of distinctly labeled products; not an interchangeability or correction claim,1.2445491850419697,u,32.0,representative_overlap,True,31.741140496207755,0.00821998103732391,0.803503800427363,31.984371183438952,0.010230170701061917
L640_sub03942,xi,comparison of distinctly labeled products; not an interchangeability or correction claim,1.1983827578110633,u,64.0,representative_overlap,True,64.98269000279997,0.01612390068844297,0.8344579338128794,62.96824596572466,0.019322604573687986
L640_sub03942,xi,comparison of distinctly labeled products; not an interchangeability or correction claim,1.056447186306366,u,128.0,representative_overlap,True,125.9642806513021,0.028704393581270603,0.9465688516775541,125.193849689192,0.030324675833563842
L640_sub03942,lambda,comparison of distinctly labeled products; not an interchangeability or correction claim,1.1518243443178404,u,32.0,representative_overlap,True,31.741140496207755,0.017768142203519712,0.8681879358889942,31.984371183438952,0.02046577874331524
L640_sub03942,lambda,comparison of distinctly labeled products; not an interchangeability or correction claim,1.0633027961868728,u,64.0,representative_overlap,True,64.98269000279997,0.027736648068797515,0.940465880073029,62.96824596572466,0.029492455448403627
L640_sub03942,lambda,comparison of distinctly labeled products; not an interchangeability or correction claim,1.0127282543262368,u,128.0,representative_overlap,True,125.9642806513021,0.03760427679100213,0.9874317179639618,125.193849689192,0.03808291358975221
L640_sub00957,parallel,comparison of distinctly labeled products; not an interchangeability or correction claim,1.6803606644902565,B,32.0,all21_extension_only,True,31.741140496207755,0.006106119274542068,0.5951103362106811,31.984371183438952,0.010260482641626273
L640_sub00957,parallel,comparison of distinctly labeled products; not an interchangeability or correction claim,1.332470659674745,B,64.0,all21_extension_only,True,64.98269000279997,0.01819756635802274,0.7504855680980617,62.96824596572466,0.024247723249549505
L640_sub00957,parallel,comparison of distinctly labeled products; not an interchangeability or correction claim,1.2325564997317626,B,128.0,all21_extension_only,True,125.9642806513021,0.03741886194674475,0.8113218341046653,125.193849689192,0.046120861505025756
L640_sub00957,xi,comparison of distinctly labeled products; not an interchangeability or correction claim,1.278124267578004,B,32.0,all21_extension_only,True,31.741140496207755,0.014556385362454023,0.7823965363672825,31.984371183438952,0.018604869379969725
L640_sub00957,xi,comparison of distinctly labeled products; not an interchangeability or correction claim,1.049919353945876,B,64.0,all21_extension_only,True,64.98269000279997,0.036739067007047266,0.9524541063480106,62.96824596572466,0.038573057496613314
L640_sub00957,xi,comparison of distinctly labeled products; not an interchangeability or correction claim,1.0779527914411893,B,128.0,all21_extension_only,True,125.9642806513021,0.06475288353578687,0.9276844106160077,125.193849689192,0.06980055156126769
L640_sub00957,lambda,comparison of distinctly labeled products; not an interchangeability or correction claim,1.2700386423965633,B,32.0,all21_extension_only,True,31.741140496207755,0.045024124329648044,0.7873776171983238,31.984371183438952,0.05718237773872027
L640_sub00957,lambda,comparison of distinctly labeled products; not an interchangeability or correction claim,1.0808750122465276,B,64.0,all21_extension_only,True,64.98269000279997,0.08167269850882267,0.9251763512615264,62.96824596572466,0.08827797900093065
L640_sub00957,lambda,comparison of distinctly labeled products; not an interchangeability or correction claim,1.0102571469309884,B,128.0,all21_extension_only,True,125.9642806513021,0.12176126325796822,0.9898469939439201,125.193849689192,0.12301018642570796
L640_sub00957,parallel,comparison of distinctly labeled products; not an interchangeability or correction claim,1.4459483065994705,u,32.0,all21_extension_only,True,31.741140496207755,0.0046189827719283,0.6915876559596824,31.984371183438952,0.006678810317281853
L640_sub00957,parallel,comparison of distinctly labeled products; not an interchangeability or correction claim,1.2224451874622475,u,64.0,all21_extension_only,True,64.98269000279997,0.012873284524470148,0.8180325876826954,62.96824596572466,0.01573688471377076
L640_sub00957,parallel,comparison of distinctly labeled products; not an interchangeability or correction claim,1.1596208326875963,u,128.0,all21_extension_only,True,125.9642806513021,0.027249516450823706,0.8623508407333016,125.193849689192,0.03159910695703854
L640_sub00957,xi,comparison of distinctly labeled products; not an interchangeability or correction claim,1.1665449510350743,u,32.0,all21_extension_only,True,31.741140496207755,0.009942360553964776,0.8572322902025343,31.984371183438952,0.011598210505597893
L640_sub00957,xi,comparison of distinctly labeled products; not an interchangeability or correction claim,1.0612114632704668,u,64.0,all21_extension_only,True,64.98269000279997,0.021798400475942573,0.9423192592720174,62.96824596572466,0.023132712466030658
L640_sub00957,xi,comparison of distinctly labeled products; not an interchangeability or correction claim,1.0611033329547612,u,128.0,all21_extension_only,True,125.9642806513021,0.03470693581816836,0.942415285055592,125.193849689192,0.036827645273305426
L640_sub00957,lambda,comparison of distinctly labeled products; not an interchangeability or correction claim,1.1377698073738416,u,32.0,all21_extension_only,True,31.741140496207755,0.022719784317725873,0.8789124069904467,31.984371183438952,0.025849884626754194
L640_sub00957,lambda,comparison of distinctly labeled products; not an interchangeability or correction claim,1.0427316882225866,u,64.0,all21_extension_only,True,64.98269000279997,0.03745298931947377,0.959019478639394,62.96824596572466,0.03905341878207739
L640_sub00957,lambda,comparison of distinctly labeled products; not an interchangeability or correction claim,1.1362014750136058,u,128.0,all21_extension_only,True,125.9642806513021,0.05158604067271371,0.8801255956722157,125.193849689192,0.05861213550244918
L640_sub03356,parallel,comparison of distinctly labeled products; not an interchangeability or correction claim,1.672287832072136,B,32.0,all21_extension_only,True,31.741140496207755,0.005847183023257107,0.5979831825726422,31.984371183438952,0.009778173021691625
L640_sub03356,parallel,comparison of distinctly labeled products; not an interchangeability or correction claim,1.3638116806104246,B,64.0,all21_extension_only,True,64.98269000279997,0.015406420142075375,0.7332390638804419,62.96824596572466,0.021011455746154113
L640_sub03356,parallel,comparison of distinctly labeled products; not an interchangeability or correction claim,1.3513249020419185,B,128.0,all21_extension_only,True,125.9642806513021,0.03550886647572095,0.7400144839253319,125.193849689192,0.047984015511923175
L640_sub03356,xi,comparison of distinctly labeled products; not an interchangeability or correction claim,1.269190141501476,B,32.0,all21_extension_only,True,31.741140496207755,0.015608429272168057,0.7879040084702998,31.984371183438952,0.019810064556558756
L640_sub03356,xi,comparison of distinctly labeled products; not an interchangeability or correction claim,1.1555805327137714,B,64.0,all21_extension_only,True,64.98269000279997,0.03257621896207636,0.8653659106315982,62.96824596572466,0.037644444461996655
L640_sub03356,xi,comparison of distinctly labeled products; not an interchangeability or correction claim,1.113120860617762,B,128.0,all21_extension_only,True,125.9642806513021,0.06175891219841546,0.8983750420821491,125.193849689192,0.06874513349711701
L640_sub03356,lambda,comparison of distinctly labeled products; not an interchangeability or correction claim,1.2952946578427604,B,32.0,all21_extension_only,True,31.741140496207755,0.04419729645059554,0.772025109456904,31.984371183438952,0.05724852198354919
L640_sub03356,lambda,comparison of distinctly labeled products; not an interchangeability or correction claim,1.0817199208713508,B,64.0,all21_extension_only,True,64.98269000279997,0.08489979166443654,0.9244537155185941,62.96824596572466,0.09183779592124847
L640_sub03356,lambda,comparison of distinctly labeled products; not an interchangeability or correction claim,1.0820770056121127,B,128.0,all21_extension_only,True,125.9642806513021,0.11569837668917901,0.9241486463658072,125.193849689192,0.1251945530020091
L640_sub03356,parallel,comparison of distinctly labeled products; not an interchangeability or correction claim,1.431844456073555,u,32.0,all21_extension_only,True,31.741140496207755,0.003944198218265373,0.698399882583775,31.984371183438952,0.005647478352478468
L640_sub03356,parallel,comparison of distinctly labeled products; not an interchangeability or correction claim,1.2796633051017627,u,64.0,all21_extension_only,True,64.98269000279997,0.008557239086453889,0.7814555563273552,62.96824596572466,0.010950384851917572
L640_sub03356,parallel,comparison of distinctly labeled products; not an interchangeability or correction claim,1.029890236406323,u,128.0,all21_extension_only,True,125.9642806513021,0.02134343223583972,0.9709772601489832,125.193849689192,0.0219813924710913
L640_sub03356,xi,comparison of distinctly labeled products; not an interchangeability or correction claim,1.2184126121504846,u,32.0,all21_extension_only,True,31.741140496207755,0.008995365515001486,0.8207400268411628,31.984371183438952,0.01096006679438135
L640_sub03356,xi,comparison of distinctly labeled products; not an interchangeability or correction claim,1.1405688061791923,u,64.0,all21_extension_only,True,64.98269000279997,0.017449434897448306,0.8767555228429527,62.96824596572466,0.01990228112948415
L640_sub03356,xi,comparison of distinctly labeled products; not an interchangeability or correction claim,1.0210571654664908,u,128.0,all21_extension_only,True,125.9642806513021,0.02864248493411405,0.9793770944677025,125.193849689192,0.029245614478743163
L640_sub03356,lambda,comparison of distinctly labeled products; not an interchangeability or correction claim,1.101833062229046,u,32.0,all21_extension_only,True,31.741140496207755,0.021569685029302812,0.9075785019347358,31.984371183438952,0.023766192107152726
L640_sub03356,lambda,comparison of distinctly labeled products; not an interchangeability or correction claim,1.0615238573169505,u,64.0,all21_extension_only,True,64.98269000279997,0.03266841242550193,0.9420419457434948,62.96824596572466,0.03467829917033981
L640_sub03356,lambda,comparison of distinctly labeled products; not an interchangeability or correction claim,1.1401824936993448,u,128.0,all21_extension_only,True,125.9642806513021,0.04300705375437942,1.1401824936993448,125.193849689192,0.03771944753759741
L640_sub01582,parallel,comparison of distinctly labeled products; not an interchangeability or correction claim,1.77418725674216,B,32.0,all21_extension_only,True,31.741140496207755,0.005140032838539156,0.5636383624106531,31.984371183438952,0.009119380761372402
L640_sub01582,parallel,comparison of distinctly labeled products; not an interchangeability or correction claim,1.2234855738703074,B,64.0,all21_extension_only,True,64.98269000279997,0.014611990864572471,0.8173369767137136,62.96824596572466,0.01787756002832914
L640_sub01582,parallel,comparison of distinctly labeled products; not an interchangeability or correction claim,1.3662724703767186,B,128.0,all21_extension_only,True,125.9642806513021,0.025752474062872743,0.7319184289238242,125.193849689192,0.03518489635619351
L640_sub01582,xi,comparison of distinctly labeled products; not an interchangeability or correction claim,1.722668826086094,B,32.0,all21_extension_only,True,31.741140496207755,0.011058612540389492,0.5804946283680081,31.984371183438952,0.019050327083093725
L640_sub01582,xi,comparison of distinctly labeled products; not an interchangeability or correction claim,1.2901827109001078,B,64.0,all21_extension_only,True,64.98269000279997,0.030731704586611744,0.7750840183731348,62.96824596572466,0.039649513934136016
L640_sub01582,xi,comparison of distinctly labeled products; not an interchangeability or correction claim,1.1410882058970142,B,128.0,all21_extension_only,True,125.9642806513021,0.06826595449515044,0.8763564418877644,125.193849689192,0.07789747553871842
L640_sub01582,lambda,comparison of distinctly labeled products; not an interchangeability or correction claim,1.3353173370758278,B,32.0,all21_extension_only,True,31.741140496207755,0.03726520427873749,0.7488856560417845,31.984371183438952,0.049760873343070486
L640_sub01582,lambda,comparison of distinctly labeled products; not an interchangeability or correction claim,1.140702733637468,B,64.0,all21_extension_only,True,64.98269000279997,0.07226241824147676,0.8766525848598646,62.96824596572466,0.08242993802730658
L640_sub01582,lambda,comparison of distinctly labeled products; not an interchangeability or correction claim,1.050282817020329,B,128.0,all21_extension_only,True,125.9642806513021,0.09717605626571858,0.9521244980823523,125.193849689192,0.10206234212168493
L640_sub01582,parallel,comparison of distinctly labeled products; not an interchangeability or correction claim,1.560351313713894,u,32.0,all21_extension_only,True,31.741140496207755,0.0029473340731922554,0.6408813138496579,31.984371183438952,0.004598876593059258
L640_sub01582,parallel,comparison of distinctly labeled products; not an interchangeability or correction claim,1.1284058022868335,u,64.0,all21_extension_only,True,64.98269000279997,0.008129288928564257,0.886206006716196,62.96824596572466,0.009173136795458023
L640_sub01582,parallel,comparison of distinctly labeled products; not an interchangeability or correction claim,1.1039965708287502,u,128.0,all21_extension_only,True,125.9642806513021,0.013910223282826782,0.9057999149846255,125.193849689192,0.015356838803703006
L640_sub01582,xi,comparison of distinctly labeled products; not an interchangeability or correction claim,1.233664893902574,u,32.0,all21_extension_only,True,31.741140496207755,0.007405494988502903,0.8105928967765316,31.984371183438952,0.009135899189287477
L640_sub01582,xi,comparison of distinctly labeled products; not an interchangeability or correction claim,1.3068725953648967,u,64.0,all21_extension_only,True,64.98269000279997,0.012625141823410718,0.7651855303621132,62.96824596572466,0.01649945186161067
L640_sub01582,xi,comparison of distinctly labeled products; not an interchangeability or correction claim,1.4528936527243064,u,128.0,all21_extension_only,True,125.9642806513021,0.017541748805393432,0.6882816220753046,125.193849689192,0.025486295497040304
L640_sub01582,lambda,comparison of distinctly labeled products; not an interchangeability or correction claim,1.1752811799312695,u,32.0,all21_extension_only,True,31.741140496207755,0.014226784400551074,0.850860217176693,31.984371183438952,0.016720471956907446
L640_sub01582,lambda,comparison of distinctly labeled products; not an interchangeability or correction claim,1.3295718311785998,u,64.0,all21_extension_only,True,64.98269000279997,0.018424453536960764,0.7521218309157087,62.96824596572466,0.024496634427601954
L640_sub01582,lambda,comparison of distinctly labeled products; not an interchangeability or correction claim,1.2106271038250092,u,128.0,all21_extension_only,True,125.9642806513021,0.03351593990337795,0.8260181825109258,125.193849689192,0.040575305257199504
L640_sub00579,parallel,comparison of distinctly labeled products; not an interchangeability or correction claim,2.151759908397994,B,32.0,representative_overlap,True,31.741140496207755,0.006104095736305324,0.4647358639303349,31.984371183438952,0.01313454848240493
L640_sub00579,parallel,comparison of distinctly labeled products; not an interchangeability or correction claim,1.6663297802993418,B,64.0,representative_overlap,True,64.98269000279997,0.01644294556584009,0.6001213036115568,62.96824596572466,0.027399369872200353
L640_sub00579,parallel,comparison of distinctly labeled products; not an interchangeability or correction claim,1.5332666784977422,B,128.0,representative_overlap,True,125.9642806513021,0.04936932168376241,0.6522022646313399,125.193849689192,0.07569633587774895
L640_sub00579,xi,comparison of distinctly labeled products; not an interchangeability or correction claim,1.2530145945355797,B,32.0,representative_overlap,True,31.741140496207755,0.013125066450080622,0.7980753012463053,31.984371183438952,0.016445899816200312
L640_sub00579,xi,comparison of distinctly labeled products; not an interchangeability or correction claim,1.240970584201779,B,64.0,representative_overlap,True,64.98269000279997,0.025929931805643475,0.8058208733797048,62.96824596572466,0.03217828262116167
L640_sub00579,xi,comparison of distinctly labeled products; not an interchangeability or correction claim,1.1073848781189235,B,128.0,representative_overlap,True,125.9642806513021,0.05789282411531984,0.9030284048114017,125.193849689192,0.06410963797690374
L640_sub00579,lambda,comparison of distinctly labeled products; not an interchangeability or correction claim,1.6736534921349446,B,32.0,representative_overlap,True,31.741140496207755,0.03377960700893572,0.5974952430113719,31.984371183438952,0.05653535723345133
L640_sub00579,lambda,comparison of distinctly labeled products; not an interchangeability or correction claim,1.317417859051653,B,64.0,representative_overlap,True,64.98269000279997,0.07708746803786813,0.7590606071788437,62.96824596572466,0.10155640710216096
L640_sub00579,lambda,comparison of distinctly labeled products; not an interchangeability or correction claim,1.099135299363878,B,128.0,representative_overlap,True,125.9642806513021,0.18059358827335145,0.9098060999212269,125.193849689192,0.19849678771002707
L640_sub00579,parallel,comparison of distinctly labeled products; not an interchangeability or correction claim,1.8992512253176006,u,32.0,representative_overlap,True,31.741140496207755,0.0032552022262896806,0.5265232880567319,31.984371183438952,0.006182446816937258
L640_sub00579,parallel,comparison of distinctly labeled products; not an interchangeability or correction claim,1.6439756449777991,u,64.0,representative_overlap,True,64.98269000279997,0.007651903832323393,0.6082815174634199,62.96824596572466,0.012579543538051942
L640_sub00579,parallel,comparison of distinctly labeled products; not an interchangeability or correction claim,1.402381174942038,u,128.0,representative_overlap,True,125.9642806513021,0.022038043175798123,0.713072891927069,125.193849689192,0.030905736882299136
L640_sub00579,xi,comparison of distinctly labeled products; not an interchangeability or correction claim,1.2946655040381185,u,32.0,representative_overlap,True,31.741140496207755,0.006760288066574683,0.7724002816796741,31.984371183438952,0.008752311757154789
L640_sub00579,xi,comparison of distinctly labeled products; not an interchangeability or correction claim,1.1100886070682232,u,64.0,representative_overlap,True,64.98269000279997,0.012950329162737249,0.9008289911568677,62.96824596572466,0.014376012861337982
L640_sub00579,xi,comparison of distinctly labeled products; not an interchangeability or correction claim,1.1032849532504512,u,128.0,representative_overlap,True,125.9642806513021,0.02499856909455863,1.1032849532504512,125.193849689192,0.02265830692325578
L640_sub00579,lambda,comparison of distinctly labeled products; not an interchangeability or correction claim,1.4926910894578589,u,32.0,representative_overlap,True,31.741140496207755,0.015826513324297752,0.6699309770537969,31.984371183438952,0.023624095416365332
L640_sub00579,lambda,comparison of distinctly labeled products; not an interchangeability or correction claim,1.0042337332940137,u,64.0,representative_overlap,True,64.98269000279997,0.03828472944433138,1.0042337332940137,62.96824596572466,0.03812332545208637
L640_sub00579,lambda,comparison of distinctly labeled products; not an interchangeability or correction claim,1.0592967429556903,u,128.0,representative_overlap,True,125.9642806513021,0.06989926215141413,1.0592967429556903,125.193849689192,0.0659864788750115
L640_sub00886,parallel,comparison of distinctly labeled products; not an interchangeability or correction claim,1.8382729973123848,B,32.0,all21_extension_only,True,31.741140496207755,0.014936145123385657,0.5439888424962085,31.984371183438952,0.02745671226425891
L640_sub00886,parallel,comparison of distinctly labeled products; not an interchangeability or correction claim,1.3926898353665071,B,64.0,all21_extension_only,True,64.98269000279997,0.04674616412920119,0.7180349670153477,62.96824596572466,0.06510290762511292
L640_sub00886,parallel,comparison of distinctly labeled products; not an interchangeability or correction claim,1.4855350858440703,B,128.0,all21_extension_only,True,125.9642806513021,0.09938138414807189,0.673158116243217,125.193849689192,0.1476345330317085
L640_sub00886,xi,comparison of distinctly labeled products; not an interchangeability or correction claim,1.3563104515048576,B,32.0,all21_extension_only,True,31.741140496207755,0.030191877581627963,0.7372943258606295,31.984371183438952,0.04094955911451721
L640_sub00886,xi,comparison of distinctly labeled products; not an interchangeability or correction claim,1.2213176618217294,B,64.0,all21_extension_only,True,64.98269000279997,0.06538399506734774,0.818787798833917,62.96824596572466,0.07985462797621663
L640_sub00886,xi,comparison of distinctly labeled products; not an interchangeability or correction claim,1.0249754085404377,B,128.0,all21_extension_only,True,125.9642806513021,0.17967947863626887,1.0249754085404377,125.193849689192,0.17530125809762792
L640_sub00886,lambda,comparison of distinctly labeled products; not an interchangeability or correction claim,1.4066856190301091,B,32.0,all21_extension_only,True,31.741140496207755,0.10198145677929217,0.710890895927042,31.984371183438952,0.14345584865917094
L640_sub00886,lambda,comparison of distinctly labeled products; not an interchangeability or correction claim,1.0868041915538995,B,64.0,all21_extension_only,True,64.98269000279997,0.23485668012168437,0.9201289503403663,62.96824596572466,0.25524322437068
L640_sub00886,lambda,comparison of distinctly labeled products; not an interchangeability or correction claim,1.0482340732187512,B,128.0,all21_extension_only,True,125.9642806513021,0.42037172822967894,0.9539853984419324,125.193849689192,0.4406479689482022
L640_sub00886,parallel,comparison of distinctly labeled products; not an interchangeability or correction claim,1.5793074945025818,u,32.0,all21_extension_only,True,31.741140496207755,0.006927609681135101,0.6331889156993836,31.984371183438952,0.010940825888405305
L640_sub00886,parallel,comparison of distinctly labeled products; not an interchangeability or correction claim,1.2769724430656313,u,64.0,all21_extension_only,True,64.98269000279997,0.016960305246600714,0.7831022552055212,62.96824596572466,0.02165784242589056
L640_sub00886,parallel,comparison of distinctly labeled products; not an interchangeability or correction claim,1.1834752378955542,u,128.0,all21_extension_only,True,125.9642806513021,0.03227474478351526,0.8449690943920312,125.193849689192,0.03819636126068902
L640_sub00886,xi,comparison of distinctly labeled products; not an interchangeability or correction claim,1.17133811277328,u,32.0,all21_extension_only,True,31.741140496207755,0.013124299469699363,0.8537244618741066,31.984371183438952,0.015372992172309011
L640_sub00886,xi,comparison of distinctly labeled products; not an interchangeability or correction claim,1.2118700803887843,u,64.0,all21_extension_only,True,64.98269000279997,0.023125157139215362,0.8251709619559107,62.96824596572466,0.028024686041304193
L640_sub00886,xi,comparison of distinctly labeled products; not an interchangeability or correction claim,1.1445827245924132,u,128.0,all21_extension_only,True,125.9642806513021,0.034080790458260644,0.8736808432576167,125.193849689192,0.039008283998979085
L640_sub00886,lambda,comparison of distinctly labeled products; not an interchangeability or correction claim,1.0642876051759222,u,32.0,all21_extension_only,True,31.741140496207755,0.027546147166346027,0.9395956460798058,31.984371183438952,0.02931702299949393
L640_sub00886,lambda,comparison of distinctly labeled products; not an interchangeability or correction claim,1.0599218773313341,u,64.0,all21_extension_only,True,64.98269000279997,0.03843264885998579,0.9434657604367925,62.96824596572466,0.0407356053304921
L640_sub00886,lambda,comparison of distinctly labeled products; not an interchangeability or correction claim,1.122443677429818,u,128.0,all21_extension_only,True,125.9642806513021,0.05816889367758718,0.8909132993557496,125.193849689192,0.06529130693149506
L640_sub00032,parallel,comparison of distinctly labeled products; not an interchangeability or correction claim,1.3920069209849968,B,32.0,all21_extension_only,True,31.741140496207755,0.006317438542364128,0.7183872327965086,31.984371183438952,0.008793918173868235
L640_sub00032,parallel,comparison of distinctly labeled products; not an interchangeability or correction claim,1.2047505774681333,B,64.0,all21_extension_only,True,64.98269000279997,0.017016389615976426,0.830047329880986,62.96824596572466,0.020500505216270348
L640_sub00032,parallel,comparison of distinctly labeled products; not an interchangeability or correction claim,1.1820296421844685,B,128.0,all21_extension_only,True,125.9642806513021,0.03439724726840111,0.8460024726215277,125.193849689192,0.04065856588079885
L640_sub00032,xi,comparison of distinctly labeled products; not an interchangeability or correction claim,1.1959557996095476,B,32.0,all21_extension_only,True,31.741140496207755,0.01397811995661659,0.8361513028545682,31.984371183438952,0.016717213629753567
L640_sub00032,xi,comparison of distinctly labeled products; not an interchangeability or correction claim,1.135300745504864,B,64.0,all21_extension_only,True,64.98269000279997,0.02861183224024421,0.8808238732859316,62.96824596572466,0.032483034472609355
L640_sub00032,xi,comparison of distinctly labeled products; not an interchangeability or correction claim,1.1210850707100892,B,128.0,all21_extension_only,True,125.9642806513021,0.054737138076729815,0.8919929683539585,125.193849689192,0.06136498831121857
L640_sub00032,lambda,comparison of distinctly labeled products; not an interchangeability or correction claim,1.4759312437158407,B,32.0,all21_extension_only,True,31.741140496207755,0.034786224714631844,0.6775383367333396,31.984371183438952,0.051342075907245294
L640_sub00032,lambda,comparison of distinctly labeled products; not an interchangeability or correction claim,1.2620918378144292,B,64.0,all21_extension_only,True,64.98269000279997,0.06695937456122758,0.7923353673942658,62.96824596572466,0.08450888009888446
L640_sub00032,lambda,comparison of distinctly labeled products; not an interchangeability or correction claim,1.2045008249297293,B,128.0,all21_extension_only,True,125.9642806513021,0.0998490186055948,0.8302194397071834,125.193849689192,0.12026822527886281
L640_sub00032,parallel,comparison of distinctly labeled products; not an interchangeability or correction claim,1.4178203029412402,u,32.0,all21_extension_only,True,31.741140496207755,0.0030938616762525416,0.7053079984293635,31.984371183438952,0.004386539899082672
L640_sub00032,parallel,comparison of distinctly labeled products; not an interchangeability or correction claim,1.2370133674665338,u,64.0,all21_extension_only,True,64.98269000279997,0.007770922001861489,0.8083987015015455,62.96824596572466,0.009612734393842458
L640_sub00032,parallel,comparison of distinctly labeled products; not an interchangeability or correction claim,1.2500394393973657,u,128.0,all21_extension_only,True,125.9642806513021,0.016712085235148545,0.7999747595820594,125.193849689192,0.020890765658506078
L640_sub00032,xi,comparison of distinctly labeled products; not an interchangeability or correction claim,1.220519794974599,u,32.0,all21_extension_only,True,31.741140496207755,0.007133020872108448,0.8193230491774299,31.984371183438952,0.008705993172375338
L640_sub00032,xi,comparison of distinctly labeled products; not an interchangeability or correction claim,1.1729874954961625,u,64.0,all21_extension_only,True,64.98269000279997,0.013223656851296464,0.8525240071523607,62.96824596572466,0.015511184131302909
L640_sub00032,xi,comparison of distinctly labeled products; not an interchangeability or correction claim,1.056575280404666,u,128.0,all21_extension_only,True,125.9642806513021,0.024228960524963906,0.9464540942288583,125.193849689192,0.02559972076057732
L640_sub00032,lambda,comparison of distinctly labeled products; not an interchangeability or correction claim,1.2272194889808883,u,32.0,all21_extension_only,True,31.741140496207755,0.017737870691250365,0.8148501624843192,31.984371183438952,0.02176826060532535
L640_sub00032,lambda,comparison of distinctly labeled products; not an interchangeability or correction claim,1.3102219485181614,u,64.0,all21_extension_only,True,64.98269000279997,0.028134253466249794,0.7632294674432701,62.96824596572466,0.03686211639665364
L640_sub00032,lambda,comparison of distinctly labeled products; not an interchangeability or correction claim,1.5698701228979324,u,128.0,all21_extension_only,True,125.9642806513021,0.03720830844678885,0.63699537013548,125.193849689192,0.058412211754184595
L640_sub02279,parallel,comparison of distinctly labeled products; not an interchangeability or correction claim,1.7064037881967178,B,32.0,all21_extension_only,True,31.741140496207755,0.008882304299099466,0.5860277660639592,31.984371183438952,0.015156797703899322
L640_sub02279,parallel,comparison of distinctly labeled products; not an interchangeability or correction claim,1.479945121426963,B,64.0,all21_extension_only,True,64.98269000279997,0.0275726976156131,0.6757007307377723,62.96824596572466,0.04080607932080746
L640_sub02279,parallel,comparison of distinctly labeled products; not an interchangeability or correction claim,1.5842169936256985,B,128.0,all21_extension_only,True,125.9642806513021,0.06355981030966838,0.6312266589890331,125.193849689192,0.10069253160420252
L640_sub02279,xi,comparison of distinctly labeled products; not an interchangeability or correction claim,1.4137202064232515,B,32.0,all21_extension_only,True,31.741140496207755,0.019744711866353848,0.7073535452464288,31.984371183438952,0.027913498135469384
L640_sub02279,xi,comparison of distinctly labeled products; not an interchangeability or correction claim,1.3948965721522135,B,64.0,all21_extension_only,True,64.98269000279997,0.04257867530890774,0.7168990303396332,62.96824596572466,0.059392848235177494
L640_sub02279,xi,comparison of distinctly labeled products; not an interchangeability or correction claim,1.3607236852587083,B,128.0,all21_extension_only,True,125.9642806513021,0.1010999374392811,0.734903059918351,125.193849689192,0.13756907945180344
L640_sub02279,lambda,comparison of distinctly labeled products; not an interchangeability or correction claim,1.4321227142452924,B,32.0,all21_extension_only,True,31.741140496207755,0.06098460770114261,0.6982641850820621,31.984371183438952,0.08733744190814471
L640_sub02279,lambda,comparison of distinctly labeled products; not an interchangeability or correction claim,1.3229630077404968,B,64.0,all21_extension_only,True,64.98269000279997,0.12968585561869792,0.7558790337667196,62.96824596572466,0.17156958961071242
L640_sub02279,lambda,comparison of distinctly labeled products; not an interchangeability or correction claim,1.0055254853190476,B,128.0,all21_extension_only,True,125.9642806513021,0.32696019983054053,1.0055254853190476,125.193849689192,0.3251635136097996
L640_sub02279,parallel,comparison of distinctly labeled products; not an interchangeability or correction claim,1.2780219998908342,u,32.0,all21_extension_only,True,31.741140496207755,0.0047420415031213525,0.7824591439626374,31.984371183438952,0.006060433365384489
L640_sub02279,parallel,comparison of distinctly labeled products; not an interchangeability or correction claim,1.083546241638401,u,64.0,all21_extension_only,True,64.98269000279997,0.012952329156488782,0.9228955457294808,62.96824596572466,0.014034447577976901
L640_sub02279,parallel,comparison of distinctly labeled products; not an interchangeability or correction claim,1.0065125516209543,u,128.0,all21_extension_only,True,125.9642806513021,0.02620490983068055,1.0065125516209543,125.193849689192,0.026035353248678752
L640_sub02279,xi,comparison of distinctly labeled products; not an interchangeability or correction claim,1.112598793732022,u,32.0,all21_extension_only,True,31.741140496207755,0.010139709111849846,0.8987965883422102,31.984371183438952,0.011281428126637733
L640_sub02279,xi,comparison of distinctly labeled products; not an interchangeability or correction claim,1.131269075827634,u,64.0,all21_extension_only,True,64.98269000279997,0.01923274417403194,0.8839629946291975,62.96824596572466,0.021757408727386424
L640_sub02279,xi,comparison of distinctly labeled products; not an interchangeability or correction claim,1.1360209661405956,u,128.0,all21_extension_only,True,125.9642806513021,0.032294684066810936,0.8802654438652663,125.193849689192,0.03668743819478386
L640_sub02279,lambda,comparison of distinctly labeled products; not an interchangeability or correction claim,1.2290385064320433,u,32.0,all21_extension_only,True,31.741140496207755,0.024917899497523713,0.813644157417856,31.984371183438952,0.030625057981860306
L640_sub02279,lambda,comparison of distinctly labeled products; not an interchangeability or correction claim,1.1231617011857034,u,64.0,all21_extension_only,True,64.98269000279997,0.036566182254935256,0.890343749207542,62.96824596572466,0.041069735467319554
L640_sub02279,lambda,comparison of distinctly labeled products; not an interchangeability or correction claim,1.2253093820055487,u,128.0,all21_extension_only,True,125.9642806513021,0.06716097683062634,0.8161204139016962,125.193849689192,0.08229297501522374
L640_sub01088,parallel,comparison of distinctly labeled products; not an interchangeability or correction claim,1.695460567335192,B,32.0,all21_extension_only,True,31.741140496207755,0.001924341410370272,0.5898102375637855,31.984371183438952,0.0032626449793729845
L640_sub01088,parallel,comparison of distinctly labeled products; not an interchangeability or correction claim,1.17292893573965,B,64.0,all21_extension_only,True,64.98269000279997,0.007444809173347316,0.8525665703433254,62.96824596572466,0.00873223210047905
L640_sub01088,parallel,comparison of distinctly labeled products; not an interchangeability or correction claim,1.1691564523586548,B,128.0,all21_extension_only,True,125.9642806513021,0.012509219770104997,0.8553175222893405,125.193849689192,0.014625235008190705
L640_sub01088,xi,comparison of distinctly labeled products; not an interchangeability or correction claim,1.3597431129007875,B,32.0,all21_extension_only,True,31.741140496207755,0.007331082584705779,0.7354330318075044,31.984371183438952,0.009968389054660588
L640_sub01088,xi,comparison of distinctly labeled products; not an interchangeability or correction claim,1.1575349567582744,B,64.0,all21_extension_only,True,64.98269000279997,0.014314198329238447,0.8639047954115721,62.96824596572466,0.01656918494406439
L640_sub01088,xi,comparison of distinctly labeled products; not an interchangeability or correction claim,1.1571099748395715,B,128.0,all21_extension_only,True,125.9642806513021,0.023398897826912336,0.8642220892950525,125.193849689192,0.027075098075772235
L640_sub01088,lambda,comparison of distinctly labeled products; not an interchangeability or correction claim,1.1000620619948038,B,32.0,all21_extension_only,True,31.741140496207755,0.022229662624571492,0.9090396210797819,31.984371183438952,0.024454008504234938
L640_sub01088,lambda,comparison of distinctly labeled products; not an interchangeability or correction claim,1.2015086621996376,B,64.0,all21_extension_only,True,64.98269000279997,0.027536497054471337,0.832286966761663,62.96824596572466,0.03308533973758212
L640_sub01088,lambda,comparison of distinctly labeled products; not an interchangeability or correction claim,1.1166692797848738,B,128.0,all21_extension_only,True,125.9642806513021,0.03642483951402788,0.8955202924474199,125.193849689192,0.04067449930640913
L640_sub01088,parallel,comparison of distinctly labeled products; not an interchangeability or correction claim,1.5253649204881734,u,32.0,all21_extension_only,True,31.741140496207755,0.0015003015839971192,0.655580829589265,31.984371183438952,0.0022885074063820465
L640_sub01088,parallel,comparison of distinctly labeled products; not an interchangeability or correction claim,1.1471466341788359,u,64.0,all21_extension_only,True,64.98269000279997,0.004840824025641025,0.8717281385006476,62.96824596572466,0.005553134987666145
L640_sub01088,parallel,comparison of distinctly labeled products; not an interchangeability or correction claim,1.1568478130826536,u,128.0,all21_extension_only,True,125.9642806513021,0.007819274072553806,0.8644179369931978,125.193849689192,0.009045710110727766
L640_sub01088,xi,comparison of distinctly labeled products; not an interchangeability or correction claim,1.4036192720270388,u,32.0,all21_extension_only,True,31.741140496207755,0.004491175954962065,0.7124439083511931,31.984371183438952,0.006303901124449195
L640_sub01088,xi,comparison of distinctly labeled products; not an interchangeability or correction claim,1.127614817844352,u,64.0,all21_extension_only,True,64.98269000279997,0.008935099275451091,0.8868276508743369,62.96824596572466,0.010075350341908984
L640_sub01088,xi,comparison of distinctly labeled products; not an interchangeability or correction claim,1.342671811202242,u,128.0,all21_extension_only,True,125.9642806513021,0.013613755082481279,0.7447836408396702,125.193849689192,0.018278805193858865
L640_sub01088,lambda,comparison of distinctly labeled products; not an interchangeability or correction claim,1.1724863146126396,u,32.0,all21_extension_only,True,31.741140496207755,0.013369017161285185,0.8528884197086557,31.984371183438952,0.015674989661428402
L640_sub01088,lambda,comparison of distinctly labeled products; not an interchangeability or correction claim,1.2275187091214022,u,64.0,all21_extension_only,True,64.98269000279997,0.01966042433267031,0.8146515344892389,62.96824596572466,0.024133538697618466
L640_sub01088,lambda,comparison of distinctly labeled products; not an interchangeability or correction claim,1.2865090778164519,u,128.0,all21_extension_only,True,125.9642806513021,0.02396646025401287,0.7772972746506118,125.193849689192,0.030833068679914748
L640_sub02297,parallel,comparison of distinctly labeled products; not an interchangeability or correction claim,1.9840563814490995,B,32.0,all21_extension_only,True,31.741140496207755,0.0016791566620300567,0.5040179348480147,31.984371183438952,0.003331541490753503
L640_sub02297,parallel,comparison of distinctly labeled products; not an interchangeability or correction claim,1.9038682346952331,B,64.0,all21_extension_only,True,64.98269000279997,0.005258985965577569,0.5252464334329722,62.96824596572466,0.010012416326571173
L640_sub02297,parallel,comparison of distinctly labeled products; not an interchangeability or correction claim,1.4701237324062983,B,128.0,all21_extension_only,True,125.9642806513021,0.014986440816121948,0.6802148539995339,125.193849689192,0.02203192230808329
L640_sub02297,xi,comparison of distinctly labeled products; not an interchangeability or correction claim,1.4261204194209942,B,32.0,all21_extension_only,True,31.741140496207755,0.004251270409773323,0.7012030585790229,31.984371183438952,0.006062823539857993
L640_sub02297,xi,comparison of distinctly labeled products; not an interchangeability or correction claim,1.1743557738180583,B,64.0,all21_extension_only,True,64.98269000279997,0.008898486097950102,0.8515307049999048,62.96824596572466,0.010449988527367426
L640_sub02297,xi,comparison of distinctly labeled products; not an interchangeability or correction claim,1.2255588800114623,B,128.0,all21_extension_only,True,125.9642806513021,0.017234775873011983,0.815954268954134,125.193849689192,0.02112223261617714
L640_sub02297,lambda,comparison of distinctly labeled products; not an interchangeability or correction claim,1.518440264475008,B,32.0,all21_extension_only,True,31.741140496207755,0.012838772998581376,0.658570523579829,31.984371183438952,0.019494909867500493
L640_sub02297,lambda,comparison of distinctly labeled products; not an interchangeability or correction claim,1.45111967071188,B,64.0,all21_extension_only,True,64.98269000279997,0.02525002277364435,0.6891230407685308,62.96824596572466,0.03664080473275826
L640_sub02297,lambda,comparison of distinctly labeled products; not an interchangeability or correction claim,1.4033290550721211,B,128.0,all21_extension_only,True,125.9642806513021,0.043188074112724954,0.7125912460699441,125.193849689192,0.06060707923499505
L640_sub02297,parallel,comparison of distinctly labeled products; not an interchangeability or correction claim,1.7606945849573454,u,32.0,all21_extension_only,True,31.741140496207755,0.0008310354138825124,0.5679576733770815,31.984371183438952,0.0014631995531307258
L640_sub02297,parallel,comparison of distinctly labeled products; not an interchangeability or correction claim,1.4205984851894413,u,64.0,all21_extension_only,True,64.98269000279997,0.002611813892254572,0.7039286683926366,62.96824596572466,0.003710338858933583
L640_sub02297,parallel,comparison of distinctly labeled products; not an interchangeability or correction claim,1.3923873451006499,u,128.0,all21_extension_only,True,125.9642806513021,0.006510747286516766,0.7181909570771876,125.193849689192,0.00906548212889434
L640_sub02297,xi,comparison of distinctly labeled products; not an interchangeability or correction claim,1.2889434703640401,u,32.0,all21_extension_only,True,31.741140496207755,0.002383315343385447,0.7758292143856139,31.984371183438952,0.0030719587496751016
L640_sub02297,xi,comparison of distinctly labeled products; not an interchangeability or correction claim,1.1260779979282864,u,64.0,all21_extension_only,True,64.98269000279997,0.004848842674804129,0.8880379528236589,62.96824596572466,0.005460175051512671
L640_sub02297,xi,comparison of distinctly labeled products; not an interchangeability or correction claim,1.1599562436564954,u,128.0,all21_extension_only,True,125.9642806513021,0.007779793957732957,0.8621014848350916,125.193849689192,0.00902422057563342
L640_sub02297,lambda,comparison of distinctly labeled products; not an interchangeability or correction claim,1.1991079747319942,u,32.0,all21_extension_only,True,31.741140496207755,0.006156076192287719,0.8339532561473493,31.984371183438952,0.0073818000552299725
L640_sub02297,lambda,comparison of distinctly labeled products; not an interchangeability or correction claim,1.1451520785725438,u,64.0,all21_extension_only,True,64.98269000279997,0.00936919925234949,0.8732464610696259,62.96824596572466,0.010729157998388342
L640_sub02297,lambda,comparison of distinctly labeled products; not an interchangeability or correction claim,1.0118708641462717,u,128.0,all21_extension_only,True,125.9642806513021,0.014113307075077982,1.0118708641462717,125.193849689192,0.013947735402961283
L640_sub00732,parallel,comparison of distinctly labeled products; not an interchangeability or correction claim,1.6924882372345424,B,32.0,all21_extension_only,True,31.741140496207755,0.0024228117377055763,0.5908460561202834,31.984371183438952,0.004100580367100469
L640_sub00732,parallel,comparison of distinctly labeled products; not an interchangeability or correction claim,1.6224191988900662,B,64.0,all21_extension_only,True,64.98269000279997,0.006167024896447746,0.6163635148573948,62.96824596572466,0.010005499592029846
L640_sub00732,parallel,comparison of distinctly labeled products; not an interchangeability or correction claim,1.5620181884310784,B,128.0,all21_extension_only,True,125.9642806513021,0.011291016730952645,0.6401974108921353,125.193849689192,0.017636773499627646
L640_sub00732,xi,comparison of distinctly labeled products; not an interchangeability or correction claim,1.2897771968844558,B,32.0,all21_extension_only,True,31.741140496207755,0.007990300905360728,0.7753277096350965,31.984371183438952,0.01030570790397949
L640_sub00732,xi,comparison of distinctly labeled products; not an interchangeability or correction claim,1.1089073677961847,B,64.0,all21_extension_only,True,64.98269000279997,0.01602792601210055,0.9017885794981916,62.96824596572466,0.01777348524531042
L640_sub00732,xi,comparison of distinctly labeled products; not an interchangeability or correction claim,1.1283107221625426,B,128.0,all21_extension_only,True,125.9642806513021,0.0237343234816045,0.8862806852383538,125.193849689192,0.026779691667568564
L640_sub00732,lambda,comparison of distinctly labeled products; not an interchangeability or correction claim,1.1728057757504733,B,32.0,all21_extension_only,True,31.741140496207755,0.0193556570926201,0.8526561010156216,31.984371183438952,0.022700426431670466
L640_sub00732,lambda,comparison of distinctly labeled products; not an interchangeability or correction claim,1.0960390742338797,B,64.0,all21_extension_only,True,64.98269000279997,0.02570315475678898,0.9123762313848072,62.96824596572466,0.028171661944521136
L640_sub00732,lambda,comparison of distinctly labeled products; not an interchangeability or correction claim,1.136586401590209,B,128.0,all21_extension_only,True,125.9642806513021,0.032486130027472096,0.8798275244195166,125.193849689192,0.03692329362951614
L640_sub00732,parallel,comparison of distinctly labeled products; not an interchangeability or correction claim,1.7079143448083152,u,32.0,all21_extension_only,True,31.741140496207755,0.0015231697430233945,0.5855094566304104,31.984371183438952,0.0026014434536876505
L640_sub00732,parallel,comparison of distinctly labeled products; not an interchangeability or correction claim,1.7303086131584295,u,64.0,all21_extension_only,True,64.98269000279997,0.0035678003142857193,0.5779315853803928,62.96824596572466,0.006173395613837933
L640_sub00732,parallel,comparison of distinctly labeled products; not an interchangeability or correction claim,2.0347322278902857,u,128.0,all21_extension_only,True,125.9642806513021,0.006197589840591405,0.4914651600308366,125.193849689192,0.012610435783896751
L640_sub00732,xi,comparison of distinctly labeled products; not an interchangeability or correction claim,1.3227352195369182,u,32.0,all21_extension_only,True,31.741140496207755,0.004676725830083648,0.7560092036787938,31.984371183438952,0.006186069967569671
L640_sub00732,xi,comparison of distinctly labeled products; not an interchangeability or correction claim,1.25534234838958,u,64.0,all21_extension_only,True,64.98269000279997,0.009111532664385693,0.7965954476743761,62.96824596572466,0.011438092812338301
L640_sub00732,xi,comparison of distinctly labeled products; not an interchangeability or correction claim,1.0544685485926828,u,128.0,all21_extension_only,True,125.9642806513021,0.018617740309044433,0.9483450230304377,125.193849689192,0.01963182160175357
L640_sub00732,lambda,comparison of distinctly labeled products; not an interchangeability or correction claim,1.2187850449418325,u,32.0,all21_extension_only,True,31.741140496207755,0.011325044798793347,0.8204892274894346,31.984371183438952,0.013802795234065615
L640_sub00732,lambda,comparison of distinctly labeled products; not an interchangeability or correction claim,1.1592329065838605,u,64.0,all21_extension_only,True,64.98269000279997,0.01966593716199964,0.8626394181190876,62.96824596572466,0.022797401497000398
L640_sub00732,lambda,comparison of distinctly labeled products; not an interchangeability or correction claim,1.0061040164803448,u,128.0,all21_extension_only,True,125.9642806513021,0.03375173148314364,1.0061040164803448,125.193849689192,0.03354696028470036
L640_sub02000,parallel,comparison of distinctly labeled products; not an interchangeability or correction claim,1.8582242210205346,B,32.0,all21_extension_only,True,31.741140496207755,0.004284418916734024,0.5381481893777066,31.984371183438952,0.007961411004073724
L640_sub02000,parallel,comparison of distinctly labeled products; not an interchangeability or correction claim,1.4123079531666103,B,64.0,all21_extension_only,True,64.98269000279997,0.011505488587761126,0.7080608713969551,62.96824596572466,0.016249293037562708
L640_sub02000,parallel,comparison of distinctly labeled products; not an interchangeability or correction claim,1.2444936646060358,B,128.0,all21_extension_only,True,125.9642806513021,0.030230555064222456,0.8035396470391561,125.193849689192,0.03762173425494876
L640_sub02000,xi,comparison of distinctly labeled products; not an interchangeability or correction claim,1.3996006343998757,B,32.0,all21_extension_only,True,31.741140496207755,0.009823686243951643,0.714489530385775,31.984371183438952,0.013749237499180052
L640_sub02000,xi,comparison of distinctly labeled products; not an interchangeability or correction claim,1.2004979731431071,B,64.0,all21_extension_only,True,64.98269000279997,0.022372182925741012,0.832987662096447,62.96824596572466,0.026857760257138912
L640_sub02000,xi,comparison of distinctly labeled products; not an interchangeability or correction claim,1.2537013579226903,B,128.0,all21_extension_only,True,125.9642806513021,0.03868307280654612,0.7976381246463204,125.193849689192,0.04849702090618916
L640_sub02000,lambda,comparison of distinctly labeled products; not an interchangeability or correction claim,1.2718265977017151,B,32.0,all21_extension_only,True,31.741140496207755,0.029647094351436375,0.786270708449622,31.984371183438952,0.03770596314072906
L640_sub02000,lambda,comparison of distinctly labeled products; not an interchangeability or correction claim,1.159184379709879,B,64.0,all21_extension_only,True,64.98269000279997,0.056003959587304274,0.8626755307471278,62.96824596572466,0.06491891515550643
L640_sub02000,lambda,comparison of distinctly labeled products; not an interchangeability or correction claim,1.1770489298974376,B,128.0,all21_extension_only,True,125.9642806513021,0.09259485019763097,0.8495823534601363,125.193849689192,0.10898866933913506
L640_sub02000,parallel,comparison of distinctly labeled products; not an interchangeability or correction claim,1.5486194542164993,u,32.0,all21_extension_only,True,31.741140496207755,0.0026197049695895727,0.6457364314242939,31.984371183438952,0.004056926080214055
L640_sub02000,parallel,comparison of distinctly labeled products; not an interchangeability or correction claim,1.3286461546660548,u,64.0,all21_extension_only,True,64.98269000279997,0.006322075512384157,0.752645839140928,62.96824596572466,0.008399801319037638
L640_sub02000,parallel,comparison of distinctly labeled products; not an interchangeability or correction claim,1.2817672709242578,u,128.0,all21_extension_only,True,125.9642806513021,0.013056597024159516,0.7801728306566287,125.193849689192,0.016735518735214727
L640_sub02000,xi,comparison of distinctly labeled products; not an interchangeability or correction claim,1.2772298896789291,u,32.0,all21_extension_only,True,31.741140496207755,0.005736222889597326,0.7829444081138601,31.984371183438952,0.007326475328454141
L640_sub02000,xi,comparison of distinctly labeled products; not an interchangeability or correction claim,1.1556540553789456,u,64.0,all21_extension_only,True,64.98269000279997,0.011126900007849529,0.865310856086681,62.96824596572466,0.012858847117867328
L640_sub02000,xi,comparison of distinctly labeled products; not an interchangeability or correction claim,1.287118585100408,u,128.0,all21_extension_only,True,125.9642806513021,0.01640141355062978,0.776929190189566,125.193849689192,0.021110564202933266
L640_sub02000,lambda,comparison of distinctly labeled products; not an interchangeability or correction claim,1.2240796833297378,u,32.0,all21_extension_only,True,31.741140496207755,0.012828064425492388,0.8169402806194799,31.984371183438952,0.015702573039690196
L640_sub02000,lambda,comparison of distinctly labeled products; not an interchangeability or correction claim,1.1181429321448533,u,64.0,all21_extension_only,True,64.98269000279997,0.01760479910816708,0.8943400447756459,62.96824596572466,0.019684681694627035
L640_sub02000,lambda,comparison of distinctly labeled products; not an interchangeability or correction claim,1.2946344073971958,u,128.0,all21_extension_only,True,125.9642806513021,0.022278765970658164,0.77241883444953,125.193849689192,0.028842856979963846
L640_sub02602,parallel,comparison of distinctly labeled products; not an interchangeability or correction claim,1.7463530469575492,B,32.0,all21_extension_only,True,31.741140496207755,0.004062642408282004,0.572621900103289,31.984371183438952,0.0070948079484022325
L640_sub02602,parallel,comparison of distinctly labeled products; not an interchangeability or correction claim,1.3723710719148625,B,64.0,all21_extension_only,True,64.98269000279997,0.010620848169089916,0.7286658983599129,62.96824596572466,0.014575744786458934
L640_sub02602,parallel,comparison of distinctly labeled products; not an interchangeability or correction claim,1.5787937658780977,B,128.0,all21_extension_only,True,125.9642806513021,0.01689196037593392,0.6333949510142747,125.193849689192,0.026668921734984325
L640_sub02602,xi,comparison of distinctly labeled products; not an interchangeability or correction claim,1.5246761778925801,B,32.0,all21_extension_only,True,31.741140496207755,0.011676552067651683,0.6558769753864773,31.984371183438952,0.017802960777470872
L640_sub02602,xi,comparison of distinctly labeled products; not an interchangeability or correction claim,1.2161932206540698,B,64.0,all21_extension_only,True,64.98269000279997,0.025052066051177126,0.82223776865176,62.96824596572466,0.030468152894819595
L640_sub02602,xi,comparison of distinctly labeled products; not an interchangeability or correction claim,1.294701183601378,B,128.0,all21_extension_only,True,125.9642806513021,0.035712925767761076,0.7723789957605285,125.193849689192,0.04623756726138842
L640_sub02602,lambda,comparison of distinctly labeled products; not an interchangeability or correction claim,1.1457209805385933,B,32.0,all21_extension_only,True,31.741140496207755,0.0342513834349431,0.8728128549499974,31.984371183438952,0.039242528613886336
L640_sub02602,lambda,comparison of distinctly labeled products; not an interchangeability or correction claim,1.3380873977005765,B,64.0,all21_extension_only,True,64.98269000279997,0.039174905351939356,0.74733533976812,62.96824596572466,0.052419447157542924
L640_sub02602,lambda,comparison of distinctly labeled products; not an interchangeability or correction claim,1.2857155241401792,B,128.0,all21_extension_only,True,125.9642806513021,0.04913508675714079,0.7777770286072799,125.193849689192,0.06317374382363045
L640_sub02602,parallel,comparison of distinctly labeled products; not an interchangeability or correction claim,1.6445021337040675,u,32.0,all21_extension_only,True,31.741140496207755,0.0021419150018714378,0.608086775629537,31.984371183438952,0.003522383790790331
L640_sub02602,parallel,comparison of distinctly labeled products; not an interchangeability or correction claim,1.3341789138271536,u,64.0,all21_extension_only,True,64.98269000279997,0.005065206538628966,0.7495246624243626,62.96824596572466,0.00675789175801819
L640_sub02602,parallel,comparison of distinctly labeled products; not an interchangeability or correction claim,1.532476484757167,u,128.0,all21_extension_only,True,125.9642806513021,0.007976517928461085,0.6525385609153134,125.193849689192,0.012223826155610565
L640_sub02602,xi,comparison of distinctly labeled products; not an interchangeability or correction claim,1.4608234761683796,u,32.0,all21_extension_only,True,31.741140496207755,0.006487203550675812,0.6845454062820227,31.984371183438952,0.009476659241510093
L640_sub02602,xi,comparison of distinctly labeled products; not an interchangeability or correction claim,1.3779409183861788,u,64.0,all21_extension_only,True,64.98269000279997,0.012906883020150788,0.7257205201302702,62.96824596572466,0.017784922242289555
L640_sub02602,xi,comparison of distinctly labeled products; not an interchangeability or correction claim,1.5956010912778107,u,128.0,all21_extension_only,True,125.9642806513021,0.01984424666277067,0.6267230609620394,125.193849689192,0.03166350163070294
L640_sub02602,lambda,comparison of distinctly labeled products; not an interchangeability or correction claim,1.6260349111755126,u,32.0,all21_extension_only,True,31.741140496207755,0.01328239442394793,0.6149929458015561,31.984371183438952,0.021597637037342295
L640_sub02602,lambda,comparison of distinctly labeled products; not an interchangeability or correction claim,1.5309406501841119,u,64.0,all21_extension_only,True,64.98269000279997,0.02357830239273983,0.6531931854312834,62.96824596572466,0.03609698159537871
L640_sub02602,lambda,comparison of distinctly labeled products; not an interchangeability or correction claim,1.3469517400528221,u,128.0,all21_extension_only,True,125.9642806513021,0.053441420092334865,0.7424170965180861,125.193849689192,0.07198301378426429
L640_sub02249,parallel,comparison of distinctly labeled products; not an interchangeability or correction claim,1.5655624237845063,B,32.0,all21_extension_only,True,31.741140496207755,0.005610043453872772,0.638748084910376,31.984371183438952,0.008782873227181461
L640_sub02249,parallel,comparison of distinctly labeled products; not an interchangeability or correction claim,1.5821883590116852,B,64.0,all21_extension_only,True,64.98269000279997,0.01483124753823048,0.6320359989405121,62.96824596572466,0.023465827204608977
L640_sub02249,parallel,comparison of distinctly labeled products; not an interchangeability or correction claim,1.1846189649382055,B,128.0,all21_extension_only,True,125.9642806513021,0.036955387038499106,0.8441532928287738,125.193849689192,0.04377805234243759
L640_sub02249,xi,comparison of distinctly labeled products; not an interchangeability or correction claim,1.413837915411514,B,32.0,all21_extension_only,True,31.741140496207755,0.011384578305009222,0.7072946545707387,31.984371183438952,0.016095948458593384
L640_sub02249,xi,comparison of distinctly labeled products; not an interchangeability or correction claim,1.3593043801170392,B,64.0,all21_extension_only,True,64.98269000279997,0.025722852619648406,0.7356704021757788,62.96824596572466,0.03496518623499314
L640_sub02249,xi,comparison of distinctly labeled products; not an interchangeability or correction claim,1.3455215760947397,B,128.0,all21_extension_only,True,125.9642806513021,0.05099211362378877,0.7432062166571968,125.193849689192,0.06861098909148232
L640_sub02249,lambda,comparison of distinctly labeled products; not an interchangeability or correction claim,1.2429955360261964,B,32.0,all21_extension_only,True,31.741140496207755,0.04012577682926068,0.8045081185061672,31.984371183438952,0.049876161478354414
L640_sub02249,lambda,comparison of distinctly labeled products; not an interchangeability or correction claim,1.1221109742441975,B,64.0,all21_extension_only,True,64.98269000279997,0.08071316017747701,0.8911774529908276,62.96824596572466,0.09056912280107668
L640_sub02249,lambda,comparison of distinctly labeled products; not an interchangeability or correction claim,1.0941538680959673,B,128.0,all21_extension_only,True,125.9642806513021,0.12062964927098573,0.9139482381396571,125.193849689192,0.1319873973569089
L640_sub02249,parallel,comparison of distinctly labeled products; not an interchangeability or correction claim,1.3896852669552975,u,32.0,all21_extension_only,True,31.741140496207755,0.0027084475287518454,0.7195873941953271,31.984371183438952,0.003763889627027924
L640_sub02249,parallel,comparison of distinctly labeled products; not an interchangeability or correction claim,1.1775829235750805,u,64.0,all21_extension_only,True,64.98269000279997,0.007274753285535033,0.8491970968499204,62.96824596572466,0.008566625242267766
L640_sub02249,parallel,comparison of distinctly labeled products; not an interchangeability or correction claim,1.0490773283823716,u,128.0,all21_extension_only,True,125.9642806513021,0.01583125845576192,0.9532185787886137,125.193849689192,0.016608214325701542
L640_sub02249,xi,comparison of distinctly labeled products; not an interchangeability or correction claim,1.3303103786677861,u,32.0,all21_extension_only,True,31.741140496207755,0.006516413272060776,0.7517042759610963,31.984371183438952,0.008668852207510958
L640_sub02249,xi,comparison of distinctly labeled products; not an interchangeability or correction claim,1.237532202007561,u,64.0,all21_extension_only,True,64.98269000279997,0.012245227171881094,0.8080597808911726,62.96824596572466,0.015153862946100827
L640_sub02249,xi,comparison of distinctly labeled products; not an interchangeability or correction claim,1.2917890048483418,u,128.0,all21_extension_only,True,125.9642806513021,0.022910681509815654,0.7741202288042401,125.193849689192,0.029595766467962067
L640_sub02249,lambda,comparison of distinctly labeled products; not an interchangeability or correction claim,1.1648450016149043,u,32.0,all21_extension_only,True,31.741140496207755,0.01715338878958535,0.8584833163327581,31.984371183438952,0.01998103919230563
L640_sub02249,lambda,comparison of distinctly labeled products; not an interchangeability or correction claim,1.2283291805435566,u,64.0,all21_extension_only,True,64.98269000279997,0.03207521966162963,0.8141140142559204,62.96824596572466,0.039398928282724094
L640_sub02249,lambda,comparison of distinctly labeled products; not an interchangeability or correction claim,1.065091320151975,u,128.0,all21_extension_only,True,125.9642806513021,0.05471022783379043,0.9388866297936902,125.193849689192,0.058271388789307176
L640_sub00738,parallel,comparison of distinctly labeled products; not an interchangeability or correction claim,1.4981924730914264,B,32.0,representative_overlap,True,31.741140496207755,0.06574337714568908,0.6674709811727745,31.984371183438952,0.09849623279528229
L640_sub00738,parallel,comparison of distinctly labeled products; not an interchangeability or correction claim,2.026693779507433,B,64.0,representative_overlap,True,64.98269000279997,0.18776380585339444,0.49341445171013437,62.96824596572466,0.38053973733971586
L640_sub00738,parallel,comparison of distinctly labeled products; not an interchangeability or correction claim,1.7048843252268395,B,128.0,representative_overlap,True,125.9642806513021,0.42165198574602786,0.5865500580908604,125.193849689192,0.7188678611991737
L640_sub00738,xi,comparison of distinctly labeled products; not an interchangeability or correction claim,1.4560780101412523,B,32.0,representative_overlap,True,31.741140496207755,0.05627500189232729,0.6867763904373443,31.984371183438952,0.08194079277607512
L640_sub00738,xi,comparison of distinctly labeled products; not an interchangeability or correction claim,1.2959768477865963,B,64.0,representative_overlap,True,64.98269000279997,0.1389682990392386,0.771618722747944,62.96824596572466,0.18009969813113752
L640_sub00738,xi,comparison of distinctly labeled products; not an interchangeability or correction claim,1.3543577069561834,B,128.0,representative_overlap,True,125.9642806513021,0.31566341619435295,0.7383573740259687,125.193849689192,0.4275211805269392
L640_sub00738,lambda,comparison of distinctly labeled products; not an interchangeability or correction claim,1.9065060920155208,B,32.0,representative_overlap,True,31.741140496207755,0.13239123938240538,0.524519698199768,31.984371183438952,0.252404704412041
L640_sub00738,lambda,comparison of distinctly labeled products; not an interchangeability or correction claim,1.8958545391111175,B,64.0,representative_overlap,True,64.98269000279997,0.2731067379599643,0.5274666275129187,62.96824596572466,0.5177706488232289
L640_sub00738,lambda,comparison of distinctly labeled products; not an interchangeability or correction claim,1.6442107328099607,B,128.0,representative_overlap,True,125.9642806513021,0.4635799992307252,0.6081945458968008,125.193849689192,0.7622232102511917
L640_sub00738,parallel,comparison of distinctly labeled products; not an interchangeability or correction claim,1.3269763132197472,u,32.0,representative_overlap,True,31.741140496207755,0.035186388363024096,1.3269763132197472,31.984371183438952,0.026516214353252916
L640_sub00738,parallel,comparison of distinctly labeled products; not an interchangeability or correction claim,1.161891023065166,u,64.0,representative_overlap,True,64.98269000279997,0.09009192511760153,1.161891023065166,62.96824596572466,0.0775390491269409
L640_sub00738,parallel,comparison of distinctly labeled products; not an interchangeability or correction claim,1.1428057307916752,u,128.0,representative_overlap,True,125.9642806513021,0.12970870856237066,1.1428057307916752,125.193849689192,0.11350022586298665
L640_sub00738,xi,comparison of distinctly labeled products; not an interchangeability or correction claim,1.0699972225646102,u,32.0,representative_overlap,True,31.741140496207755,0.02965950912944878,0.9345818651782682,31.984371183438952,0.03173559239113989
L640_sub00738,xi,comparison of distinctly labeled products; not an interchangeability or correction claim,1.0584873285228698,u,64.0,representative_overlap,True,64.98269000279997,0.0569087734183298,1.0584873285228698,62.96824596572466,0.05376424628318092
L640_sub00738,xi,comparison of distinctly labeled products; not an interchangeability or correction claim,1.0301175777420093,u,128.0,representative_overlap,True,125.9642806513021,0.09448323482283143,1.0301175777420093,125.193849689192,0.09172082572354139
L640_sub00738,lambda,comparison of distinctly labeled products; not an interchangeability or correction claim,1.2612629801390034,u,32.0,representative_overlap,True,31.741140496207755,0.051076318123753475,0.7928560623334796,31.984371183438952,0.06442066921129311
L640_sub00738,lambda,comparison of distinctly labeled products; not an interchangeability or correction claim,1.2984779077385213,u,64.0,representative_overlap,True,64.98269000279997,0.08215711361354253,0.7701324712883549,62.96824596572466,0.1066791969907487
L640_sub00738,lambda,comparison of distinctly labeled products; not an interchangeability or correction claim,1.1159260205814359,u,128.0,representative_overlap,True,125.9642806513021,0.11790091311846519,0.8961167510718727,125.193849689192,0.13156869679920646
L640_sub01591,parallel,comparison of distinctly labeled products; not an interchangeability or correction claim,1.6961422813395781,B,32.0,all21_extension_only,True,31.741140496207755,0.025556216403810998,0.5895731808596981,31.984371183438952,0.04334697919356793
L640_sub01591,parallel,comparison of distinctly labeled products; not an interchangeability or correction claim,2.0753869585454052,B,64.0,all21_extension_only,True,64.98269000279997,0.05750076334795222,0.4818378548070278,62.96824596572466,0.11933633435874567
L640_sub01591,parallel,comparison of distinctly labeled products; not an interchangeability or correction claim,2.1240953085238674,B,128.0,all21_extension_only,True,125.9642806513021,0.13998928740412075,0.4707886675268571,125.193849689192,0.29735058861869224
L640_sub01591,xi,comparison of distinctly labeled products; not an interchangeability or correction claim,1.7443775857266017,B,32.0,all21_extension_only,True,31.741140496207755,0.04932526213862918,0.5732703791785199,31.984371183438952,0.08604188168471372
L640_sub01591,xi,comparison of distinctly labeled products; not an interchangeability or correction claim,1.3417671934050237,B,64.0,all21_extension_only,True,64.98269000279997,0.09609779254596701,0.7452857730574589,62.96824596572466,0.12894086539682034
L640_sub01591,xi,comparison of distinctly labeled products; not an interchangeability or correction claim,1.3619770447195434,B,128.0,all21_extension_only,True,125.9642806513021,0.2228077381162146,0.7342267653313634,125.193849689192,0.3034590247001679
L640_sub01591,lambda,comparison of distinctly labeled products; not an interchangeability or correction claim,1.8791876032712296,B,32.0,all21_extension_only,True,31.741140496207755,0.0839905365293265,0.5321448471984553,31.984371183438952,0.15783397503800972
L640_sub01591,lambda,comparison of distinctly labeled products; not an interchangeability or correction claim,1.6940973094337657,B,64.0,all21_extension_only,True,64.98269000279997,0.17977445372012704,0.5902848640579209,62.96824596572466,0.30455541835219224
L640_sub01591,lambda,comparison of distinctly labeled products; not an interchangeability or correction claim,1.610704361053294,B,128.0,all21_extension_only,True,125.9642806513021,0.4303240434805275,0.6208463975015664,125.193849689192,0.693124813500173
L640_sub01591,parallel,comparison of distinctly labeled products; not an interchangeability or correction claim,1.5317431593701414,u,32.0,all21_extension_only,True,31.741140496207755,0.013280667033835207,0.6528509651782638,31.984371183438952,0.020342570880949627
L640_sub01591,parallel,comparison of distinctly labeled products; not an interchangeability or correction claim,1.478074940497305,u,64.0,all21_extension_only,True,64.98269000279997,0.033268374706646904,0.6765556823956067,62.96824596572466,0.04917315096496917
L640_sub01591,parallel,comparison of distinctly labeled products; not an interchangeability or correction claim,1.4066543483379652,u,128.0,all21_extension_only,True,125.9642806513021,0.06554430940416031,0.7109066994187674,125.193849689192,0.0921981878321711
L640_sub01591,xi,comparison of distinctly labeled products; not an interchangeability or correction claim,1.346163971376733,u,32.0,all21_extension_only,True,31.741140496207755,0.030344619416032337,0.7428515554292333,31.984371183438952,0.04084883338300161
L640_sub01591,xi,comparison of distinctly labeled products; not an interchangeability or correction claim,1.1864420744566582,u,64.0,all21_extension_only,True,64.98269000279997,0.053244392111616475,0.8428561507800193,62.96824596572466,0.06317138703008998
L640_sub01591,xi,comparison of distinctly labeled products; not an interchangeability or correction claim,1.2976617743118375,u,128.0,all21_extension_only,True,125.9642806513021,0.08181241502439295,0.7706168277402713,125.193849689192,0.10616484364129017
L640_sub01591,lambda,comparison of distinctly labeled products; not an interchangeability or correction claim,1.2395162262908586,u,32.0,all21_extension_only,True,31.741140496207755,0.048776966933099776,0.8067663648037998,31.984371183438952,0.060459841982829825
L640_sub01591,lambda,comparison of distinctly labeled products; not an interchangeability or correction claim,1.251796600953973,u,64.0,all21_extension_only,True,64.98269000279997,0.07846779756248079,0.7988518256383801,62.96824596572466,0.0982257222730579
L640_sub01591,lambda,comparison of distinctly labeled products; not an interchangeability or correction claim,1.0055863742745812,u,128.0,all21_extension_only,True,125.9642806513021,0.15458264556068113,0.9944446599342487,125.193849689192,0.155446202075138
L640_sub01651,parallel,comparison of distinctly labeled products; not an interchangeability or correction claim,1.4421896253708728,B,32.0,all21_extension_only,True,31.741140496207755,0.019008709771989207,0.6933900940681365,31.984371183438952,0.027414164024848767
L640_sub01651,parallel,comparison of distinctly labeled products; not an interchangeability or correction claim,1.0678944516605429,B,64.0,all21_extension_only,True,64.98269000279997,0.05686173233013398,0.9364221327726077,62.96824596572466,0.06072232846715699
L640_sub01651,parallel,comparison of distinctly labeled products; not an interchangeability or correction claim,1.0629151802080072,B,128.0,all21_extension_only,True,125.9642806513021,0.12540618628682454,0.9408088421545592,125.193849689192,0.13329613909625904
L640_sub01651,xi,comparison of distinctly labeled products; not an interchangeability or correction claim,1.281409748963418,B,32.0,all21_extension_only,True,31.741140496207755,0.029130802401503647,0.78039050413729,31.984371183438952,0.03732849419241372
L640_sub01651,xi,comparison of distinctly labeled products; not an interchangeability or correction claim,1.0433250006644819,B,64.0,all21_extension_only,True,64.98269000279997,0.06826640536945243,0.9584741086076835,62.96824596572466,0.07122404742744574
L640_sub01651,xi,comparison of distinctly labeled products; not an interchangeability or correction claim,1.0720542344903747,B,128.0,all21_extension_only,True,125.9642806513021,0.14161595170231922,0.9327886293694578,125.193849689192,0.15181998069385572
L640_sub01651,lambda,comparison of distinctly labeled products; not an interchangeability or correction claim,1.4817651616970304,B,32.0,all21_extension_only,True,31.741140496207755,0.06983471423232518,0.6748707729467224,31.984371183438952,0.10347864662652723
L640_sub01651,lambda,comparison of distinctly labeled products; not an interchangeability or correction claim,1.1804249064283705,B,64.0,all21_extension_only,True,64.98269000279997,0.15097035138150178,0.847152575783677,62.96824596572466,0.17820916290296746
L640_sub01651,lambda,comparison of distinctly labeled products; not an interchangeability or correction claim,1.2099655510822371,B,128.0,all21_extension_only,True,125.9642806513021,0.21807767832549124,0.8264698107359864,125.193849689192,0.26386647823383785
L640_sub01651,parallel,comparison of distinctly labeled products; not an interchangeability or correction claim,1.3994702384540654,u,32.0,all21_extension_only,True,31.741140496207755,0.009652964337229111,0.7145561031041696,31.984371183438952,0.013509036302810614
L640_sub01651,parallel,comparison of distinctly labeled products; not an interchangeability or correction claim,1.0650093746884788,u,64.0,all21_extension_only,True,64.98269000279997,0.02533407533400386,0.9389588709418691,62.96824596572466,0.026981027729778263
L640_sub01651,parallel,comparison of distinctly labeled products; not an interchangeability or correction claim,1.3082606751544337,u,128.0,all21_extension_only,True,125.9642806513021,0.04326565028977978,0.7643736596163871,125.193849689192,0.056602748859102915
L640_sub01651,xi,comparison of distinctly labeled products; not an interchangeability or correction claim,1.1996038747086328,u,32.0,all21_extension_only,True,31.741140496207755,0.01772577865143179,0.8336085111786473,31.984371183438952,0.021263912752485143
L640_sub01651,xi,comparison of distinctly labeled products; not an interchangeability or correction claim,1.1768760918771295,u,64.0,all21_extension_only,True,64.98269000279997,0.033170386269859915,0.8497071245665206,62.96824596572466,0.03903743455932753
L640_sub01651,xi,comparison of distinctly labeled products; not an interchangeability or correction claim,1.28763158711695,u,128.0,all21_extension_only,True,125.9642806513021,0.0488282356667931,0.7766196558124466,125.193849689192,0.06287277858775325
L640_sub01651,lambda,comparison of distinctly labeled products; not an interchangeability or correction claim,1.2820520327419762,u,32.0,all21_extension_only,True,31.741140496207755,0.033432652611372696,0.7799995432800491,31.984371183438952,0.04286240024036671
L640_sub01651,lambda,comparison of distinctly labeled products; not an interchangeability or correction claim,1.3770414537990698,u,64.0,all21_extension_only,True,64.98269000279997,0.04744083308672196,0.7261945508184493,62.96824596572466,0.06532799376317862
L640_sub01651,lambda,comparison of distinctly labeled products; not an interchangeability or correction claim,1.4287640347422863,u,128.0,all21_extension_only,True,125.9642806513021,0.06875991426347514,0.6999056356988824,125.193849689192,0.09824169253161641
