aspect_table_eligible,common_overlap_maximum,common_overlap_minimum,cube_id,equal_sf_target,lambda_block_bootstrap_high_curve_crossing_quality,lambda_block_bootstrap_low_curve_crossing_quality,lambda_central_quality,lambda_scale_block_bootstrap_curve_envelope_interval_high_cells,lambda_scale_block_bootstrap_curve_envelope_interval_low_cells,lambda_scale_cells,lambda_scale_crossing_error_cells,parallel_block_bootstrap_high_curve_crossing_quality,parallel_block_bootstrap_low_curve_crossing_quality,parallel_central_quality,parallel_over_lambda,parallel_over_lambda_block_bootstrap_curve_envelope_interval_high,parallel_over_lambda_block_bootstrap_curve_envelope_interval_low,parallel_scale_block_bootstrap_curve_envelope_interval_high_cells,parallel_scale_block_bootstrap_curve_envelope_interval_low_cells,parallel_scale_cells,parallel_scale_crossing_error_cells,q_name,target_definition,target_index,xi_block_bootstrap_high_curve_crossing_quality,xi_block_bootstrap_low_curve_crossing_quality,xi_central_quality,xi_over_lambda,xi_over_lambda_block_bootstrap_curve_envelope_interval_high,xi_over_lambda_block_bootstrap_curve_envelope_interval_low,xi_scale_block_bootstrap_curve_envelope_interval_high_cells,xi_scale_block_bootstrap_curve_envelope_interval_low_cells,xi_scale_cells,xi_scale_crossing_error_cells
False,0.11443973221657765,0.0766305289132765,L640_sub03942,0.0797662773259279,no_crossing,ok,ok,,,36.487664202208485,1.5437046529155434,multiple_crossings,ok,ok,,,,,,93.78718552425376,3.4568848981592266,B,interior log-spaced level within the common supported parallel/xi/lambda curve-value overlap,0,ok,ok,ok,,,,89.456686636813,72.45155649218118,78.85363534072037,9.08138054898787
False,0.11443973221657765,0.0766305289132765,L640_sub03942,0.08642797269535686,ok,ok,ok,46.0590358318592,35.925306689112354,40.01919521571951,5.259409672698717,ok,multiple_crossings,ok,,,,,,96.81060205067264,3.5683244607455205,B,interior log-spaced level within the common supported parallel/xi/lambda curve-value overlap,1,ok,multiple_crossings,ok,,,,,,86.0099669707006,7.063358977952468
False,0.11443973221657765,0.0766305289132765,L640_sub03942,0.09364602078278644,ok,multiple_crossings,ok,,,45.23098858576976,1.6808784784523136,ok,ok,ok,,,,123.64570050855104,94.35928770467807,101.19400738032499,6.4620788182341045,B,interior log-spaced level within the common supported parallel/xi/lambda curve-value overlap,2,ok,ok,multiple_crossings,,,,,,,
False,0.11443973221657765,0.0766305289132765,L640_sub03942,0.10146688548811922,ok,ok,ok,56.19029981062803,44.68776289688683,47.377578845713984,1.432280964008253,ok,no_crossing,multiple_crossings,,,,,,,,B,interior log-spaced level within the common supported parallel/xi/lambda curve-value overlap,3,ok,no_crossing,ok,,,,,,106.82437678425173,2.1527965965668887
False,0.11443973221657765,0.0766305289132765,L640_sub03942,0.10994091115243174,ok,ok,ok,62.20124505980846,46.82614084371601,54.91465051427012,2.4210068557356625,ok,no_crossing,ok,,,,,,122.92680735636051,5.321973573644521,B,interior log-spaced level within the common supported parallel/xi/lambda curve-value overlap,4,ok,no_crossing,ok,,,,,,109.39068942088137,2.2045146526527293
False,0.02401022409768041,0.022659176762254894,L640_sub03942,0.022790787717166118,no_crossing,ok,ok,,,34.197431420457946,1.3347559502546904,ok,no_crossing,multiple_crossings,,,,,,,,u,interior log-spaced level within the common supported parallel/xi/lambda curve-value overlap,0,ok,ok,ok,,,,91.41638946048413,76.20102241080265,84.57881157526633,3.137929743952309
False,0.02401022409768041,0.022659176762254894,L640_sub03942,0.023056307368816642,no_crossing,ok,multiple_crossings,,,,,ok,no_crossing,multiple_crossings,,,,,,,,u,interior log-spaced level within the common supported parallel/xi/lambda curve-value overlap,1,ok,ok,ok,,,,92.72384683548175,79.42531757805027,85.69046878715537,3.1791729603713703
False,0.02401022409768041,0.022659176762254894,L640_sub03942,0.02332492040566682,no_crossing,ok,multiple_crossings,,,,,ok,no_crossing,multiple_crossings,,,,,,,,u,interior log-spaced level within the common supported parallel/xi/lambda curve-value overlap,2,ok,ok,ok,,,,93.969364067905,81.54299019679868,86.88467977840455,3.5330083884352605
False,0.02401022409768041,0.022659176762254894,L640_sub03942,0.023596662866600907,no_crossing,multiple_crossings,multiple_crossings,,,,,ok,no_crossing,multiple_crossings,,,,,,,,u,interior log-spaced level within the common supported parallel/xi/lambda curve-value overlap,3,ok,ok,ok,,,,95.23161176642957,82.63556480787312,88.15413873787718,3.584628641442234
False,0.02401022409768041,0.022659176762254894,L640_sub03942,0.023871571210367173,no_crossing,multiple_crossings,multiple_crossings,,,,,ok,no_crossing,multiple_crossings,,,,,,,,u,interior log-spaced level within the common supported parallel/xi/lambda curve-value overlap,4,ok,ok,ok,,,,96.5108146637919,83.7427785593307,89.44214557085158,3.6370031101847835
False,0.03215844565120248,0.027192757935207125,L640_sub00957,0.027652693243740693,no_crossing,ok,ok,,,36.266824258719275,0.9856673334466365,ok,no_crossing,ok,,,,,,102.25277664945031,5.6929795793355495,u,interior log-spaced level within the common supported parallel/xi/lambda curve-value overlap,0,ok,ok,ok,,,,91.93308053744276,66.32217773264495,76.01937770836955,4.5439383139686
False,0.03215844565120248,0.027192757935207125,L640_sub00957,0.0285960333241889,no_crossing,ok,ok,,,36.95606806022579,1.004399745611515,ok,no_crossing,ok,,,,,,104.59409559553133,4.033040963178762,u,interior log-spaced level within the common supported parallel/xi/lambda curve-value overlap,1,ok,ok,multiple_crossings,,,,,,,
False,0.03215844565120248,0.027192757935207125,L640_sub00957,0.029571554375204274,ok,ok,ok,43.20392163051488,35.24816927334905,37.658410803468314,1.0234881635540103,ok,no_crossing,ok,,,,,,106.37054868215363,4.1015391707183015,u,interior log-spaced level within the common supported parallel/xi/lambda curve-value overlap,2,ok,multiple_crossings,ok,,,,,,90.65134887370495,4.454148221032121
False,0.03215844565120248,0.027192757935207125,L640_sub00957,0.030580354213881764,ok,ok,ok,46.6915648224693,36.668315188063346,41.59861925045905,1.2530115920941902,ok,no_crossing,multiple_crossings,,,,,,,,u,interior log-spaced level within the common supported parallel/xi/lambda curve-value overlap,3,ok,ok,ok,,,,112.17344618783164,76.24138142536476,92.99455972533704,3.0016845560913907
False,0.03215844565120248,0.027192757935207125,L640_sub00957,0.031623568108093955,ok,ok,ok,47.826267845603205,37.45008330395238,42.56939936178848,1.2822529168013037,ok,no_crossing,multiple_crossings,,,,,,,,u,interior log-spaced level within the common supported parallel/xi/lambda curve-value overlap,4,multiple_crossings,ok,ok,,,,,,94.8542731092843,3.061712507832207
False,0.06410963797690374,0.05569454513343732,L640_sub00579,0.05648377672762646,no_crossing,multiple_crossings,ok,,,34.39753807690188,2.346495793818087,multiple_crossings,ok,ok,,,,,,97.01753655426896,1.9086187321284034,B,interior log-spaced level within the common supported parallel/xi/lambda curve-value overlap,0,ok,no_crossing,ok,,,,,,108.29937572890239,8.170624786490349
False,0.06410963797690374,0.05569454513343732,L640_sub00579,0.05809595033183208,no_crossing,ok,ok,,,35.23709489310382,2.403767815248366,ok,ok,multiple_crossings,,,,,,,,B,interior log-spaced level within the common supported parallel/xi/lambda curve-value overlap,1,ok,no_crossing,multiple_crossings,,,,,,,
False,0.06410963797690374,0.05569454513343732,L640_sub00579,0.059754138984617546,no_crossing,ok,ok,,,36.085893951777365,2.212617141865942,ok,ok,ok,,,,117.41946483629636,94.68637807166346,110.63821537917458,21.626808565574976,B,interior log-spaced level within the common supported parallel/xi/lambda curve-value overlap,2,ok,no_crossing,ok,,,,,,120.67242014718332,6.079222513621612
False,0.06410963797690374,0.05569454513343732,L640_sub00579,0.06145965605861868,no_crossing,ok,ok,,,36.876581295064504,2.261098367575674,ok,ok,ok,,,,119.51718485088382,95.17942471349735,111.8082130874988,3.3146023845121904,B,interior log-spaced level within the common supported parallel/xi/lambda curve-value overlap,3,ok,no_crossing,ok,,,,,,122.4610591682091,6.16933038244615
False,0.06410963797690374,0.05569454513343732,L640_sub00579,0.06321385241307025,ok,ok,ok,44.03283795227846,34.011178073261846,37.68459359296324,2.3106418779445277,ok,ok,ok,,,,123.75443463427001,95.67503872559067,112.73128316796353,3.3419671925642236,B,interior log-spaced level within the common supported parallel/xi/lambda curve-value overlap,4,multiple_crossings,no_crossing,ok,,,,,,124.2762098771883,6.260773854303129
False,0.1476345330317085,0.13878489203444616,L640_sub00886,0.13964544302571844,no_crossing,ok,ok,,,34.269902907078915,3.5363702371386565,multiple_crossings,no_crossing,ok,,,,,,116.0708442437954,3.0274443244404763,B,interior log-spaced level within the common supported parallel/xi/lambda curve-value overlap,0,ok,ok,ok,,,,113.09359819461706,79.92949581239613,96.11887594774667,9.100018539189165
False,0.1476345330317085,0.13878489203444616,L640_sub00886,0.1413825859176336,no_crossing,ok,ok,,,34.84629731307925,3.595849367492765,multiple_crossings,no_crossing,ok,,,,,,116.49975081212092,3.0386313780408187,B,interior log-spaced level within the common supported parallel/xi/lambda curve-value overlap,1,ok,ok,ok,,,,113.69369366837512,80.68366511611713,97.69446080074593,9.249186444358523
False,0.1476345330317085,0.13878489203444616,L640_sub00886,0.14314133828968326,no_crossing,ok,ok,,,35.432386246437,3.656328892802846,multiple_crossings,no_crossing,ok,,,,,,116.93024228185332,3.0498597701943555,B,interior log-spaced level within the common supported parallel/xi/lambda curve-value overlap,2,ok,ok,ok,,,,114.29697335930695,81.3017438062484,99.96049675220699,13.45683248234083
False,0.1476345330317085,0.13878489203444616,L640_sub00886,0.14492196895661705,no_crossing,ok,ok,,,36.05575025708408,6.134250886581531,multiple_crossings,no_crossing,ok,,,,,,117.36232450954203,3.061129653655875,B,interior log-spaced level within the common supported parallel/xi/lambda curve-value overlap,3,ok,ok,ok,,,,114.90345416345586,81.84139456364136,102.4122715291285,13.786894091970966
False,0.1476345330317085,0.13878489203444616,L640_sub00886,0.1467247500771508,no_crossing,ok,ok,,,37.061017975183184,6.305279483879674,multiple_crossings,no_crossing,ok,,,,,,117.79600337337769,3.0724411817446287,B,interior log-spaced level within the common supported parallel/xi/lambda curve-value overlap,4,ok,ok,ok,,,,115.51315306651833,82.38462732218616,105.06212939950917,16.043984846855196
False,0.03819636126068902,0.029850954696242018,L640_sub00886,0.03059599646182105,no_crossing,ok,ok,,,35.45164426002562,2.7776671001521276,ok,multiple_crossings,ok,,,,,,97.09851526495775,10.079867280038068,u,interior log-spaced level within the common supported parallel/xi/lambda curve-value overlap,0,multiple_crossings,ok,ok,,,,,,79.85611043564131,2.1776107664192157
True,0.03819636126068902,0.029850954696242018,L640_sub00886,0.03214232998511421,ok,ok,ok,44.483340087904395,34.05835901318441,41.674397882340735,1.4056056659160767,ok,ok,ok,2.411742679348647,3.51144840811762,2.034121353020327,119.59417053994477,90.48451192647144,100.50792400899802,3.558939814487382,u,interior log-spaced level within the common supported parallel/xi/lambda curve-value overlap,1,ok,ok,ok,2.0055397324787427,2.820840432605279,1.7596512402277316,96.07319617257701,78.27516455515294,83.57966078016233,5.15091571430313
False,0.03819636126068902,0.029850954696242018,L640_sub00886,0.03376681580419039,multiple_crossings,ok,ok,,,43.36500119444326,1.5324844568516482,ok,ok,multiple_crossings,,,,,,,,u,interior log-spaced level within the common supported parallel/xi/lambda curve-value overlap,2,ok,ok,ok,,,,109.00139952795365,80.4561330336056,92.59951075692544,4.641969122969062
False,0.03819636126068902,0.029850954696242018,L640_sub00886,0.03547340376637821,ok,multiple_crossings,ok,,,45.11324250457731,1.5942659064264655,ok,no_crossing,ok,,,,,,119.00818478531991,4.420914334816513,u,interior log-spaced level within the common supported parallel/xi/lambda curve-value overlap,3,ok,ok,ok,,,,113.81354495211163,85.35931036051993,98.2284067496811,10.489083604093805
False,0.03819636126068902,0.029850954696242018,L640_sub00886,0.037266243345821654,ok,ok,ok,58.16186144356967,43.97305547210972,49.59500058751224,2.302621043056867,multiple_crossings,no_crossing,ok,,,,,,123.0970389892764,4.572807031910031,u,interior log-spaced level within the common supported parallel/xi/lambda curve-value overlap,4,ok,multiple_crossings,ok,,,,,,112.17322860868433,3.0776947809247504
False,0.10069253160420252,0.09446108463838519,L640_sub02279,0.09506646850710575,no_crossing,ok,ok,,,34.37385130835672,4.091903028960967,multiple_crossings,no_crossing,ok,,,,,,123.329731707009,2.6147466240915036,B,interior log-spaced level within the common supported parallel/xi/lambda curve-value overlap,0,ok,ok,ok,,,,95.55733238290293,87.24418461128445,89.83037495661519,1.7926622817533133
False,0.10069253160420252,0.09446108463838519,L640_sub02279,0.0962889004939565,no_crossing,ok,ok,,,35.164350301569065,4.186004943689673,multiple_crossings,no_crossing,ok,,,,,,123.74156676996681,2.6234780493986607,B,interior log-spaced level within the common supported parallel/xi/lambda curve-value overlap,1,ok,ok,ok,,,,96.28877728852639,87.529894860825,90.15349527248266,1.799110497103673
False,0.10069253160420252,0.09446108463838519,L640_sub02279,0.09752705137713255,no_crossing,ok,ok,,,35.973028481415554,4.282270929827921,multiple_crossings,no_crossing,ok,,,,,,124.15477707405033,2.6322386315607056,B,interior log-spaced level within the common supported parallel/xi/lambda curve-value overlap,2,ok,multiple_crossings,ok,,,,,,90.47777785377059,1.8055819067174617
False,0.10069253160420252,0.09446108463838519,L640_sub02279,0.09878112328133642,no_crossing,ok,ok,,,36.40067661343214,2.21845963524514,multiple_crossings,no_crossing,ok,,,,,,124.56936721160349,2.64102846794115,B,interior log-spaced level within the common supported parallel/xi/lambda curve-value overlap,3,ok,multiple_crossings,ok,,,,,,90.80322688115369,1.8120765940245642
False,0.10069253160420252,0.09446108463838519,L640_sub02279,0.10005132093033321,no_crossing,ok,ok,,,36.82687432785495,2.2444344937930123,multiple_crossings,no_crossing,ok,,,,,,124.98534179030509,2.649847656228625,B,interior log-spaced level within the common supported parallel/xi/lambda curve-value overlap,4,ok,ok,ok,,,,111.6422560715901,88.39265179830072,91.12984655034458,1.8185946427549635
False,0.02112223261617714,0.020840697857592398,L640_sub02297,0.020868681638480924,no_crossing,ok,ok,,,34.02854848108583,2.3338548074929957,ok,no_crossing,ok,,,,,,122.59549100001634,4.236886404812887,B,interior log-spaced level within the common supported parallel/xi/lambda curve-value overlap,0,ok,no_crossing,ok,,,,,,122.03690992300506,14.884339974207842
False,0.02112223261617714,0.020840697857592398,L640_sub02297,0.020924761976110724,no_crossing,ok,ok,,,34.11522882015746,2.3397997958950105,ok,no_crossing,ok,,,,,,122.72276870131937,4.2412851078800875,B,interior log-spaced level within the common supported parallel/xi/lambda curve-value overlap,1,ok,no_crossing,ok,,,,,,122.73150081932377,14.969056369029051
False,0.02112223261617714,0.020840697857592398,L640_sub02297,0.020980993018242272,no_crossing,ok,ok,,,34.20212995857309,2.3457599278642203,ok,no_crossing,ok,,,,,,122.8501785413585,4.245688377647172,B,interior log-spaced level within the common supported parallel/xi/lambda curve-value overlap,2,ok,no_crossing,ok,,,,,,123.43004508117376,15.054254939584197
False,0.02112223261617714,0.020840697857592398,L640_sub02297,0.021037375169863284,no_crossing,ok,ok,,,34.28925245877109,2.351735241975574,ok,no_crossing,ok,,,,,,122.97772065731942,4.250096218855261,B,interior log-spaced level within the common supported parallel/xi/lambda curve-value overlap,3,ok,no_crossing,ok,,,,,,124.1325652097126,15.139938430246929
False,0.02112223261617714,0.020840697857592398,L640_sub02297,0.02109390883704977,no_crossing,ok,ok,,,34.37659688462256,2.3577257769022832,ok,no_crossing,ok,,,,,,123.10539518652973,4.2545086362503834,B,interior log-spaced level within the common supported parallel/xi/lambda curve-value overlap,4,ok,no_crossing,ok,,,,,,124.83908383416608,15.226109601010837
False,0.00902422057563342,0.0073940314562075116,L640_sub02297,0.007542826786126003,no_crossing,ok,ok,,,35.256209537085745,3.210287908964813,ok,ok,ok,,,,119.1475203632282,101.6574741510165,111.63778870531542,4.0902861035620415,u,interior log-spaced level within the common supported parallel/xi/lambda curve-value overlap,0,ok,ok,ok,,,,107.04684067461946,86.7544846830293,99.32956146707069,2.942391245867137
False,0.00902422057563342,0.0073940314562075116,L640_sub02297,0.007849460643969113,no_crossing,multiple_crossings,ok,,,36.906718092091644,1.6301398207932525,ok,ok,ok,,,,122.22929652993771,104.705264151144,114.31353761766232,4.188322608223412,u,interior log-spaced level within the common supported parallel/xi/lambda curve-value overlap,1,ok,ok,ok,,,,118.18849139626786,89.73504708903575,101.63539443522887,3.0106958134070805
False,0.00902422057563342,0.0073940314562075116,L640_sub02297,0.008168559897802585,ok,ok,ok,44.44568635514422,34.86594063540115,38.22280831794482,1.6882704592197495,ok,no_crossing,ok,,,,,,117.05341922490543,4.288708864467649,u,interior log-spaced level within the common supported parallel/xi/lambda curve-value overlap,2,ok,ok,ok,,,,124.18316869922452,98.51634636936289,103.99475492931705,3.0805860007905332
False,0.00902422057563342,0.0073940314562075116,L640_sub02297,0.008500631295636206,ok,multiple_crossings,ok,,,40.36885066493678,2.784874054694761,ok,no_crossing,ok,,,,,,120.04737594654831,4.727351310482448,u,interior log-spaced level within the common supported parallel/xi/lambda curve-value overlap,3,ok,no_crossing,ok,,,,,,115.7358291883283,15.851609761125474
False,0.00902422057563342,0.0073940314562075116,L640_sub02297,0.008846202185992228,ok,ok,ok,51.44632023890549,37.62477545160372,44.077546045978835,1.1773731693324467,ok,no_crossing,ok,,,,,,123.2095617018898,4.851875173304394,u,interior log-spaced level within the common supported parallel/xi/lambda curve-value overlap,4,ok,no_crossing,ok,,,,,,122.4358035911841,6.386190633278553
False,0.016735518735214727,0.015959534704094207,L640_sub02000,0.01603548577039338,no_crossing,multiple_crossings,multiple_crossings,,,,,ok,no_crossing,ok,,,,,,122.09981064773557,3.390129000061366,u,interior log-spaced level within the common supported parallel/xi/lambda curve-value overlap,0,multiple_crossings,ok,ok,,,,,,80.08417983096174,2.176506123203604
False,0.016735518735214727,0.015959534704094207,L640_sub02000,0.01618847397136438,no_crossing,multiple_crossings,ok,,,38.80687041939922,1.8093674998442983,ok,no_crossing,ok,,,,,,122.78069923927714,3.4090340265945818,u,interior log-spaced level within the common supported parallel/xi/lambda curve-value overlap,1,multiple_crossings,ok,ok,,,,,,80.59051178047923,2.190267075626724
False,0.016735518735214727,0.015959534704094207,L640_sub02000,0.01634292177199898,no_crossing,multiple_crossings,ok,,,39.196572673698775,1.8275373389971405,ok,no_crossing,ok,,,,,,123.4653848004587,3.428044476853031,u,interior log-spaced level within the common supported parallel/xi/lambda curve-value overlap,2,multiple_crossings,ok,ok,,,,,,83.06139167983252,33.7874736550546
False,0.016735518735214727,0.015959534704094207,L640_sub02000,0.016498843097757877,no_crossing,multiple_crossings,ok,,,39.590188354805605,1.8458896413891355,ok,no_crossing,ok,,,,,,124.15388850505036,3.4471609387312556,u,interior log-spaced level within the common supported parallel/xi/lambda curve-value overlap,3,multiple_crossings,ok,ok,,,,,,92.00559992944258,2.0753305741767822
False,0.016735518735214727,0.015959534704094207,L640_sub02000,0.01665625200695906,no_crossing,multiple_crossings,ok,,,39.987756761721016,1.8644262393333495,ok,no_crossing,ok,,,,,,124.84623164489764,3.466384003402186,u,interior log-spaced level within the common supported parallel/xi/lambda curve-value overlap,4,multiple_crossings,ok,ok,,,,,,92.48337093101573,2.086107448277709
False,0.4275211805269392,0.25969822678958526,L640_sub00738,0.27297184141863007,no_crossing,multiple_crossings,ok,,,35.35770732513139,2.010469052133588,ok,multiple_crossings,ok,,,,,,57.72215334415436,2.367991001673204,B,interior log-spaced level within the common supported parallel/xi/lambda curve-value overlap,0,multiple_crossings,ok,ok,,,,,,84.18436714427143,1.5557671208128998
False,0.4275211805269392,0.25969822678958526,L640_sub00738,0.3015890572600756,ok,ok,ok,48.99974651916612,34.56440335502261,39.737189758853596,1.3431994335444315,ok,multiple_crossings,ok,,,,,,59.75193225331672,1.2205732352273349,B,interior log-spaced level within the common supported parallel/xi/lambda curve-value overlap,1,ok,ok,ok,,,,105.62456734808467,83.97659780944494,87.43635813150469,5.319218695128348
False,0.4275211805269392,0.25969822678958526,L640_sub00738,0.3332063812381694,ok,ok,ok,50.357193302290256,39.60338532536575,47.637841448647926,2.8553435991175244,ok,ok,multiple_crossings,,,,,,,,B,interior log-spaced level within the common supported parallel/xi/lambda curve-value overlap,2,ok,ok,ok,,,,108.99141145349098,86.35519449052035,104.8521662325989,1.973624189641834
False,0.4275211805269392,0.25969822678958526,L640_sub00738,0.3681383320287131,ok,ok,ok,51.75224562217553,46.80369463581351,49.97487468933463,0.9340508579123984,multiple_crossings,ok,multiple_crossings,,,,,,,,B,interior log-spaced level within the common supported parallel/xi/lambda curve-value overlap,3,ok,ok,ok,,,,120.28426550942491,104.57400084583666,108.3147049537187,2.0387992873352276
False,0.4275211805269392,0.25969822678958526,L640_sub00738,0.40673240111812803,ok,ok,ok,59.152005524236905,49.767998249247306,51.427301112621315,0.9611973021037852,multiple_crossings,ok,ok,,,,,,79.3598260982589,2.142365506977764,B,interior log-spaced level within the common supported parallel/xi/lambda curve-value overlap,4,ok,no_crossing,ok,,,,,,119.17363600449586,6.368479086248127
False,0.09318691699944137,0.06325937205464284,L640_sub00738,0.06575789210675886,no_crossing,ok,ok,,,36.52479978260798,3.7489966092081173,ok,ok,multiple_crossings,,,,,,,,u,interior log-spaced level within the common supported parallel/xi/lambda curve-value overlap,0,ok,ok,ok,,,,86.36005074804035,70.76894313438392,78.54071426362528,6.372554181095315
False,0.09318691699944137,0.06325937205464284,L640_sub00738,0.07105487777344578,no_crossing,ok,ok,,,43.73581981765372,1.2668043611335162,ok,ok,multiple_crossings,,,,,,,,u,interior log-spaced level within the common supported parallel/xi/lambda curve-value overlap,1,ok,ok,ok,,,,101.12671812156245,76.45460269993706,84.16549027986059,4.136785956568899
False,0.09318691699944137,0.06325937205464284,L640_sub00738,0.07677855073581934,multiple_crossings,ok,ok,,,45.77430092672505,1.3258487958743392,multiple_crossings,ok,multiple_crossings,,,,,,,,u,interior log-spaced level within the common supported parallel/xi/lambda curve-value overlap,2,ok,ok,ok,,,,105.9191940011226,80.9102227234198,100.14759451723708,3.131387211294489
False,0.09318691699944137,0.06325937205464284,L640_sub00738,0.08296328187191405,ok,ok,ok,53.39821819391515,45.36221339515978,48.395111087829605,1.9544094228070088,multiple_crossings,ok,ok,,,,,,78.81172413900788,3.782266837364846,u,interior log-spaced level within the common supported parallel/xi/lambda curve-value overlap,3,multiple_crossings,multiple_crossings,ok,,,,,,104.65596179136172,2.933755527171734
False,0.09318691699944137,0.06325937205464284,L640_sub00738,0.089646210731972,ok,ok,ok,59.611106854134185,47.38847126455642,52.83926673539494,2.2128885293731684,multiple_crossings,multiple_crossings,ok,,,,,,83.21370117227073,8.259902534576595,u,interior log-spaced level within the common supported parallel/xi/lambda curve-value overlap,4,ok,no_crossing,multiple_crossings,,,,,,,
False,0.29735058861869224,0.16543589543400813,L640_sub01591,0.17542587525799958,no_crossing,ok,ok,,,36.23209840156691,1.9309733718803663,ok,ok,ok,,,,108.85073398926099,80.25026748379095,94.94768719967254,7.648263550277416,B,interior log-spaced level within the common supported parallel/xi/lambda curve-value overlap,0,ok,multiple_crossings,ok,,,,,,69.60119720813942,1.5863541673069272
True,0.29735058861869224,0.16543589543400813,L640_sub01591,0.1972520217625097,ok,ok,ok,47.681717055308326,34.82725696863598,38.66184556656507,3.6376728804346357,ok,ok,ok,2.76783228454808,3.2352916060417303,1.827777933265395,112.67633213208634,87.15159025389679,107.00950433935085,2.6679584875459414,B,interior log-spaced level within the common supported parallel/xi/lambda curve-value overlap,1,ok,ok,ok,1.881103167302715,2.791654439890778,1.4472721462598037,97.22566654570967,69.00842097998877,72.72692014903399,4.129798222424823
False,0.29735058861869224,0.16543589543400813,L640_sub01591,0.22179373500160626,ok,ok,multiple_crossings,,,,,ok,ok,ok,,,,117.14166858407413,105.35088393265303,110.6771222701148,2.759399452980439,B,interior log-spaced level within the common supported parallel/xi/lambda curve-value overlap,2,ok,ok,ok,,,,112.65273626826935,70.90411517446442,96.4417115021295,4.779934359963225
False,0.29735058861869224,0.16543589543400813,L640_sub01591,0.24938888051140068,ok,ok,ok,55.196000468240435,40.85691999465695,49.236035996192406,3.725815004532016,ok,no_crossing,ok,,,,,,115.54130779511593,3.7380898538827267,B,interior log-spaced level within the common supported parallel/xi/lambda curve-value overlap,3,ok,ok,ok,,,,121.82411119740145,94.7045740589663,111.53079437008329,5.399550000044595
False,0.29735058861869224,0.16543589543400813,L640_sub01591,0.2804173604014526,ok,ok,ok,65.88832804903336,48.04651124026982,53.313243633927414,2.2906458227742763,ok,no_crossing,ok,,,,,,121.61756549256523,5.430961368917112,B,interior log-spaced level within the common supported parallel/xi/lambda curve-value overlap,4,ok,no_crossing,ok,,,,,,119.68657472805982,5.45609136529912
False,0.0921981878321711,0.06783161756086807,L640_sub01591,0.0699457280186396,no_crossing,ok,ok,,,38.76158413277298,2.8815234422436022,ok,ok,ok,,,,112.52082951924783,85.13228331552835,96.0391770859374,8.009072130141309,u,interior log-spaced level within the common supported parallel/xi/lambda curve-value overlap,0,multiple_crossings,multiple_crossings,ok,,,,,,74.5921363172024,1.8492967760110437
False,0.0921981878321711,0.06783161756086807,L640_sub01591,0.07437367421694376,no_crossing,multiple_crossings,ok,,,41.61532503773241,4.694109691939737,ok,ok,ok,,,,115.89414589305925,88.69335977464246,104.8519038002665,6.12394607429823,u,interior log-spaced level within the common supported parallel/xi/lambda curve-value overlap,1,multiple_crossings,ok,ok,,,,,,75.88518015818472,1.8813540668251971
False,0.0921981878321711,0.06783161756086807,L640_sub01591,0.0790819335678947,ok,ok,ok,53.99355693298733,35.42977764322519,43.93073574751711,1.5643383681991185,ok,no_crossing,ok,,,,,,109.0626087337975,6.369875132456731,u,interior log-spaced level within the common supported parallel/xi/lambda curve-value overlap,2,ok,ok,multiple_crossings,,,,,,,
False,0.0921981878321711,0.06783161756086807,L640_sub01591,0.08408825142340673,ok,ok,multiple_crossings,,,,,ok,no_crossing,ok,,,,,,113.16550481192135,5.883933958093118,u,interior log-spaced level within the common supported parallel/xi/lambda curve-value overlap,3,ok,ok,ok,,,,112.87397284184625,75.40354458945983,97.84570755380662,7.593704953201064
False,0.0921981878321711,0.06783161756086807,L640_sub01591,0.08941149651298667,ok,ok,ok,71.16599002741499,43.84179325198356,53.390742497068636,3.0501357073054933,ok,no_crossing,ok,,,,,,117.2023941888503,6.093828223394671,u,interior log-spaced level within the common supported parallel/xi/lambda curve-value overlap,4,multiple_crossings,multiple_crossings,ok,,,,,,102.90951090595125,7.1767301929883995
False,0.13329613909625904,0.11321898697175455,L640_sub01651,0.1150824489991341,no_crossing,ok,ok,,,34.94749582856628,3.164606820363884,ok,ok,ok,,,,123.07449153484008,102.63349097311534,108.06213222895828,3.863690166697398,B,interior log-spaced level within the common supported parallel/xi/lambda curve-value overlap,0,ok,ok,ok,,,,104.13024412504319,80.28899632147987,97.38582878455423,6.150343586196867
False,0.13329613909625904,0.11321898697175455,L640_sub01651,0.1189018895646209,no_crossing,ok,ok,,,36.81757211774202,2.858178279635095,ok,no_crossing,ok,,,,,,110.11704080054989,3.9371620654815036,B,interior log-spaced level within the common supported parallel/xi/lambda curve-value overlap,1,ok,ok,ok,,,,111.68547041956548,82.31433526172056,99.68779052090599,3.4251326194660874
False,0.13329613909625904,0.11321898697175455,L640_sub01651,0.12284809251968276,no_crossing,ok,ok,,,40.9283197249949,1.015006346184697,ok,no_crossing,ok,,,,,,119.08760095191055,4.62164455207494,B,interior log-spaced level within the common supported parallel/xi/lambda curve-value overlap,2,ok,ok,ok,,,,116.08454903319547,95.15009757459353,101.75123463726989,3.49602966427441
False,0.13329613909625904,0.11321898697175455,L640_sub01651,0.12692526494730355,ok,ok,ok,49.60844751388311,35.71548968681532,41.587856762799376,1.0313626071651978,ok,no_crossing,ok,,,,,,121.49352294624458,4.715015450379638,B,interior log-spaced level within the common supported parallel/xi/lambda curve-value overlap,3,ok,ok,ok,,,,119.53222872226125,98.28559949109652,103.85739011877799,3.568394211664673
False,0.13329613909625904,0.11321898697175455,L640_sub01651,0.13113775355821708,ok,ok,ok,50.417274101663764,37.14773528460208,42.25802187200182,1.04798244016598,ok,no_crossing,ok,,,,,,123.94805168550054,4.810272717173303,B,interior log-spaced level within the common supported parallel/xi/lambda curve-value overlap,4,ok,ok,ok,,,,122.2765057484624,99.97888704906902,110.1841457977654,12.291613765962195
False,0.056602748859102915,0.04512637986496358,L640_sub01651,0.04616057369223562,no_crossing,ok,ok,,,36.527541817775926,1.0525892593730475,multiple_crossings,ok,ok,,,,,,104.63050533344914,4.359839681296744,u,interior log-spaced level within the common supported parallel/xi/lambda curve-value overlap,0,multiple_crossings,ok,ok,,,,,,83.52741823871075,4.479460277968738
False,0.056602748859102915,0.04512637986496358,L640_sub01651,0.048300608627900206,no_crossing,ok,ok,,,37.634969762549716,1.0845012551491002,ok,ok,ok,,,,115.75701763707463,102.88086057019162,108.49306499884702,4.52078835345416,u,interior log-spaced level within the common supported parallel/xi/lambda curve-value overlap,1,ok,ok,ok,,,,96.92965036537822,80.56338995204837,87.37703844350644,3.902122951126175
False,0.056602748859102915,0.04512637986496358,L640_sub01651,0.050539857008276255,multiple_crossings,multiple_crossings,ok,,,40.55208707269956,4.856387995134492,ok,no_crossing,ok,,,,,,112.00594504789846,3.2472501060752665,u,interior log-spaced level within the common supported parallel/xi/lambda curve-value overlap,2,ok,ok,ok,,,,102.12817700094583,84.37740690307628,90.62520581697078,4.04718106573931
False,0.056602748859102915,0.04512637986496358,L640_sub01651,0.05288291843472895,ok,ok,ok,50.82597035083803,37.752366169075366,43.71424218135014,1.827318394359586,ok,no_crossing,ok,,,,,,114.820456435279,3.328847760532921,u,interior log-spaced level within the common supported parallel/xi/lambda curve-value overlap,3,ok,ok,ok,,,,112.18279976459519,87.59928049584576,98.58928035451547,4.393051628511715
False,0.056602748859102915,0.04512637986496358,L640_sub01651,0.055334605749205644,ok,multiple_crossings,multiple_crossings,,,,,ok,no_crossing,ok,,,,,,117.70569151814121,3.4124958197932553,u,interior log-spaced level within the common supported parallel/xi/lambda curve-value overlap,4,ok,ok,ok,,,,119.20201699573654,90.16673744681665,102.2843976039756,4.55770280348643
