cube_id,operational_extraction_allocated_output_bytes,operational_extraction_hash_wall_seconds,operational_extraction_output_bytes,operational_extraction_payload_wall_seconds,operational_extraction_peak_rss_kib,operational_extraction_total_wall_seconds_before_publish,operational_sampler_parent_process_peak_rss_kib_max_for_records_touching_cube,operational_sampler_reduction_staging_logical_bytes_before_markers,operational_sampler_shard_staging_logical_bytes_before_markers,operational_strict_restart_verify_wall_seconds,operational_support_modes_all_valid_origins_accepted_measurement_samples_across_channels,operational_support_modes_all_valid_origins_bootstrap_elapsed_seconds,operational_support_modes_all_valid_origins_cube_candidate_origins,operational_support_modes_all_valid_origins_directional_exclusion_counts_across_channels_invalid_B,operational_support_modes_all_valid_origins_directional_exclusion_counts_across_channels_invalid_q,operational_support_modes_all_valid_origins_directional_exclusion_counts_across_channels_weak_B_direction,operational_support_modes_all_valid_origins_directional_exclusion_counts_across_channels_weak_q_perp_for_phi,operational_support_modes_all_valid_origins_directional_exclusion_counts_across_channels_weak_r_perp_for_phi,operational_support_modes_all_valid_origins_eligible_origins,operational_support_modes_all_valid_origins_estimator_elapsed_seconds_sum,operational_support_modes_all_valid_origins_excluded_boundary_origins,operational_support_modes_all_valid_origins_jackknife_elapsed_seconds,operational_support_modes_all_valid_origins_reduction_elapsed_seconds,operational_support_modes_all_valid_origins_reduction_staging_logical_bytes_before_marker,operational_support_modes_all_valid_origins_sampled_origins,operational_support_modes_all_valid_origins_support_policy_excluded_origins,operational_support_modes_shell_local_accepted_measurement_samples_across_channels,operational_support_modes_shell_local_bootstrap_elapsed_seconds,operational_support_modes_shell_local_cube_candidate_origins,operational_support_modes_shell_local_directional_exclusion_counts_across_channels_invalid_B,operational_support_modes_shell_local_directional_exclusion_counts_across_channels_invalid_q,operational_support_modes_shell_local_directional_exclusion_counts_across_channels_weak_B_direction,operational_support_modes_shell_local_directional_exclusion_counts_across_channels_weak_q_perp_for_phi,operational_support_modes_shell_local_directional_exclusion_counts_across_channels_weak_r_perp_for_phi,operational_support_modes_shell_local_eligible_origins,operational_support_modes_shell_local_estimator_elapsed_seconds_sum,operational_support_modes_shell_local_excluded_boundary_origins,operational_support_modes_shell_local_jackknife_elapsed_seconds,operational_support_modes_shell_local_reduction_elapsed_seconds,operational_support_modes_shell_local_reduction_staging_logical_bytes_before_marker,operational_support_modes_shell_local_sampled_origins,operational_support_modes_shell_local_support_policy_excluded_origins,phase1_bounds_ijk_half_open,phase1_catalog_B2_mean,phase1_catalog_B_mean,phase1_catalog_B_mean_fraction_flags,phase1_catalog_B_mean_sq_over_B2_mean,phase1_catalog_B_rms,phase1_catalog_L_sub,phase1_catalog_catalog_validity_flags,phase1_catalog_cell_i0,phase1_catalog_cell_i1,phase1_catalog_cell_j0,phase1_catalog_cell_j1,phase1_catalog_cell_k0,phase1_catalog_cell_k1,phase1_catalog_dBB,phase1_catalog_dBB_flags,phase1_catalog_deltaB,phase1_catalog_deltaB_flags,phase1_catalog_deltaB_fraction_flags,phase1_catalog_deltaB_sq_over_B2_mean,phase1_catalog_dens_kurtosis,phase1_catalog_dens_mean,phase1_catalog_dens_moment_flags,phase1_catalog_dens_sigma,phase1_catalog_dens_skewness,phase1_catalog_ener_kurtosis,phase1_catalog_ener_mean,phase1_catalog_ener_moment_flags,phase1_catalog_ener_sigma,phase1_catalog_ener_skewness,phase1_catalog_magnetic_energy_mean,phase1_catalog_mom1_kurtosis,phase1_catalog_mom1_mean,phase1_catalog_mom1_moment_flags,phase1_catalog_mom1_sigma,phase1_catalog_mom1_skewness,phase1_catalog_mom2_kurtosis,phase1_catalog_mom2_mean,phase1_catalog_mom2_moment_flags,phase1_catalog_mom2_sigma,phase1_catalog_mom2_skewness,phase1_catalog_mom3_kurtosis,phase1_catalog_mom3_mean,phase1_catalog_mom3_moment_flags,phase1_catalog_mom3_sigma,phase1_catalog_mom3_skewness,phase1_catalog_rho_sigma_over_mean,phase1_catalog_subvolume_id,phase1_catalog_u_mass_weighted_mean_x,phase1_catalog_u_mass_weighted_mean_y,phase1_catalog_u_mass_weighted_mean_z,phase1_catalog_vA_mean_proxy,phase1_catalog_vA_rms_like_proxy,phase1_estimated_full_primitive_rank_file_read_gib,phase1_estimated_primitive_eight_field_bytes,phase1_required_rank_ids,primitive_alfven_mach_delta_u_over_alfven_speed_volume_rms,primitive_alfven_speed_convention,primitive_alfven_speed_volume_rms,primitive_alfven_valid_cell_count,primitive_array_traversal,primitive_cell_count,primitive_classification,primitive_delta_u_convention,primitive_delta_u_volume_rms,primitive_density_maximum,primitive_density_minimum,primitive_density_volume_mean,primitive_gamma_assumption,primitive_internal_energy_density_volume_mean,primitive_kinetic_energy_convention,primitive_kinetic_energy_density_volume_mean,primitive_magnetic_energy_convention,primitive_magnetic_energy_density_volume_mean,primitive_magnetic_to_kinetic_energy_ratio,primitive_negative_internal_energy_density_cell_count,primitive_nonfinite_primitive_cell_count,primitive_nonpositive_density_cell_count,primitive_pressure_conditional_mean_note,primitive_pressure_conditional_mean_over_valid_cells,primitive_pressure_convention,primitive_pressure_diagnostic_status,primitive_pressure_maximum,primitive_pressure_minimum,primitive_pressure_valid_cell_count,primitive_sonic_mach_delta_u_over_sound_speed_volume_rms,primitive_sound_speed_convention,primitive_sound_speed_volume_rms,primitive_units,primitive_velocity_volume_mean_x,primitive_velocity_volume_mean_y,primitive_velocity_volume_mean_z,primitive_velocity_weighting,role
L640_sub00370,8075104256,7.1634307410568,8388609024,41.09580491902307,14636084,94.65963153215125,24855004,26995380,28277293,50.10214559594169,32448642,2.197109640110284,389021696000,0,0,0,0,0,323929381124,78.22533647203818,65092314876,0.030675376299768686,0.05985481105744839,14962268,3039232,0,32331892,2.180244300980121,389021696000,0,0,0,0,0,215397489120,85.15295575140044,173624206880,0.030675587244331837,0.0608812072314322,12033112,3039232,108531892004,"[1280, 1920, 4480, 5120, 640, 1280]",0.9625711441040039,0.9195855259895325,0,0.8785194754600525,0.9811071157455444,640,0,1280,1920,4480,5120,640,1280,0.3718584179878235,0,0.34195560216903687,0,0,0.12148050963878632,3.3987414836883545,0.9365850687026978,0,0.15395867824554443,-0.6304690837860107,3.3987526893615723,93659.3515625,0,15395.8154296875,-0.6304729580879211,0.48128557205200195,2.9248106479644775,0.20400290191173553,0,0.18022432923316956,0.06284040212631226,4.543853282928467,-0.01871526427567005,0,0.13022592663764954,-0.8026242256164551,2.66809344291687,0.253601610660553,0,0.18045547604560852,0.06888790428638458,0.16438300907611847,370,0.21781566739082336,-0.01998244971036911,0.27077263593673706,0.9502075910568237,1.0137778520584106,7.813467592000961,8388608000,"[1712, 1713, 1714, 1715, 1716, 1717, 1718, 1719, 1720, 1721, 1722, 1723, 1724, 1725, 1726, 1727]",0.34582271075325577,sqrt(<|B|^2 / rho>_V) over rho > 0 cells,1.0654129055737007,262144000,numpy mmap KJI traversal in chunks of at most 8 k-planes,262144000,newly_computed_full_resolution_primitive_exploratory,sqrt(<|u - <u>_V|^2>_V),0.3684439790769997,1.390804409980774,0.3620894253253937,0.9365850414469398,1.00001,93658.75682541383,<0.5 * rho * |u|^2>_V,0.11121065065590048,<0.5 * |B|^2>_V,0.4812855702687712,4.327693142969987,0,0,0,"Mean pressure over rho > 0 and eint >= 0 cells; this is a valid-cell conditional mean, not an unconditional volume mean.",0.9365875682602741,p = (gamma - 1) * eint,derived_from_extracted_eint,1.3908090625091114,0.3620869140648721,262144000,0.36844169806593025,"sqrt(<gamma * p / rho>_V) over rho > 0, eint >= 0 cells",1.000006190968833,AthenaK simulation code units,0.215997748132573,-0.03405294114015393,0.3044499566546402,volume,representative:low_dBB
L640_sub02822,8075366400,7.161067011067644,8388609024,40.905997844878584,14637680,94.16623551002704,24854908,29888090,31347631,50.188902460969985,33923288,2.2117374213412404,389021696000,0,0,0,0,0,323929381124,79.049379505057,65092314876,0.028427448123693466,0.05967091815546155,16562896,3039232,0,33863390,2.2080712127499282,389021696000,0,0,0,0,0,215397489120,84.69679418113083,173624206880,0.03233726415783167,0.05984189081937075,13325194,3039232,108531892004,"[3840, 4480, 0, 640, 7040, 7680]",0.8823333382606506,0.8803566098213196,0,0.8783842325210571,0.9393259882926941,640,0,3840,4480,0,640,7040,7680,0.3720940053462982,0,0.3275754153728485,0,0,0.12161577492952347,3.103198528289795,1.050700068473816,0,0.13428199291229248,-0.10222377628087997,3.1031908988952637,105070.6875,0,13428.2001953125,-0.10221719741821289,0.4411666691303253,3.9640910625457764,-0.10257355123758316,0,0.10846377909183502,-0.08439440280199051,6.232834815979004,-0.06893183290958405,0,0.16634361445903778,-1.392313003540039,3.6957662105560303,-0.21490046381950378,0,0.1480109989643097,0.5661486983299255,0.12780240178108215,2822,-0.09762400388717651,-0.06560562551021576,-0.2045307457447052,0.858853816986084,0.916382908821106,7.813467592000961,8388608000,"[21280, 21281, 21282, 21283, 21284, 21285, 21286, 21287, 21288, 21289, 21290, 21291, 21292, 21293, 21294, 21295]",0.24288131039362193,sqrt(<|B|^2 / rho>_V) over rho > 0 cells,0.9482598675386309,262144000,numpy mmap KJI traversal in chunks of at most 8 k-planes,262144000,newly_computed_full_resolution_primitive_exploratory,sqrt(<|u - <u>_V|^2>_V),0.23031459922146502,1.5386970043182373,0.6090368628501892,1.0507000849480794,1.00001,105070.18882123801,<0.5 * rho * |u|^2>_V,0.058000491467272965,<0.5 * |B|^2>_V,0.44116668346195603,7.606257676469626,0,0,0,"Mean pressure over rho > 0 and eint >= 0 cells; this is a valid-cell conditional mean, not an unconditional volume mean.",1.0507018882192636,p = (gamma - 1) * eint,derived_from_extracted_eint,1.5387003125100804,0.6090335937539899,262144000,0.23031327175322985,"sqrt(<gamma * p / rho>_V) over rho > 0, eint >= 0 cells",1.0000057637504998,AthenaK simulation code units,-0.09923403092022966,-0.05612282186331021,-0.21375372663011655,volume,representative:low_dBB
L640_sub03026,8075104256,7.168928639963269,8388609024,40.9081202740781,14637892,94.43757507298142,24855004,25168624,26312026,50.025924782967195,31494476,2.1892882958054543,389021696000,0,0,0,0,0,323929381124,78.24417938711122,65092314876,0.030466829892247915,0.060037098824977875,13903249,3039232,0,31471362,2.179648864082992,389021696000,0,0,0,0,0,215397489120,85.01518328886596,173624206880,0.030680057127028704,0.060104286298155785,11265375,3039232,108531892004,"[1280, 1920, 8320, 8960, 7040, 7680]",0.6479095220565796,0.7543922662734985,0,0.8783751726150513,0.8049283027648926,640,0,1280,1920,8320,8960,7040,7680,0.3721097707748413,0,0.28071674704551697,0,0,0.12162481993436813,2.5750584602355957,0.8908341526985168,0,0.16449429094791412,-0.5427761673927307,2.575077533721924,89083.6953125,0,16449.36328125,-0.5427677631378174,0.3239547610282898,2.8417253494262695,0.17982763051986694,0,0.10334846377372742,-0.0967145711183548,2.987476110458374,-0.035579465329647064,0,0.09865115582942963,-0.18873606622219086,2.200479030609131,-0.254060834646225,0,0.24313366413116455,0.5301332473754883,0.18465198576450348,3026,0.2018643170595169,-0.03993949294090271,-0.2851943075656891,0.7992796897888184,0.8528227210044861,7.813467592000961,8388608000,"[26416, 26417, 26418, 26419, 26420, 26421, 26422, 26423, 26424, 26425, 26426, 26427, 26428, 26429, 26430, 26431]",0.37854901505674776,sqrt(<|B|^2 / rho>_V) over rho > 0 cells,0.9184559030961131,262144000,numpy mmap KJI traversal in chunks of at most 8 k-planes,262144000,newly_computed_full_resolution_primitive_exploratory,sqrt(<|u - <u>_V|^2>_V),0.3476805774900894,1.2571072578430176,0.35680171847343445,0.8908341219564553,1.00001,89083.26249062634,<0.5 * rho * |u|^2>_V,0.10705734542970465,<0.5 * |B|^2>_V,0.32395477453928295,3.0259929688990486,0,0,0,"Mean pressure over rho > 0 and eint >= 0 cells; this is a valid-cell conditional mean, not an unconditional volume mean.",0.8908326249120994,p = (gamma - 1) * eint,derived_from_extracted_eint,1.2571125000082355,0.35679855468983745,262144000,0.3476791975919494,"sqrt(<gamma * p / rho>_V) over rho > 0, eint >= 0 cells",1.0000039688832394,AthenaK simulation code units,0.21648008445377626,-0.02983679417242969,-0.31336538813423365,volume,representative:low_dBB
L640_sub02615,8075202560,7.214308315888047,8388609024,46.563895117957145,14639740,100.58037310419604,24855004,30775857,32384435,56.36809750716202,35537970,2.184085147920996,389021696000,0,0,0,0,0,323929381124,80.10932904528454,65092314876,0.028319472447037697,0.05982205597683787,17041125,3039232,0,35495250,2.223817336373031,389021696000,0,0,0,0,0,215397489120,85.79905906040221,173624206880,0.03267285414040089,0.059619024861603975,13734732,3039232,108531892004,"[4480, 5120, 1920, 2560, 6400, 7040]",0.9154617190361023,0.8968921303749084,0,0.8786992430686951,0.9567976593971252,640,0,4480,5120,1920,2560,6400,7040,0.3715451955795288,0,0.3332359492778778,0,0,0.12130076438188553,5.371263027191162,1.0075206756591797,0,0.13263057172298431,-1.3030543327331543,5.371218681335449,100752.859375,0,13262.921875,-1.303034782409668,0.45773085951805115,5.900021076202393,-0.33001476526260376,0,0.1913989782333374,0.9509637951850891,4.693154335021973,-0.10272860527038574,0,0.10423581302165985,-0.392851322889328,3.669712781906128,0.4978658854961395,0,0.17464305460453033,0.3679100275039673,0.13164053857326508,2615,-0.32755136489868164,-0.10196178406476974,0.4941495358943939,0.8935384154319763,0.9532199501991272,7.813467592000961,8388608000,"[21456, 21457, 21458, 21459, 21460, 21461, 21462, 21463, 21464, 21465, 21466, 21467, 21468, 21469, 21470, 21471]",0.3119768707392507,sqrt(<|B|^2 / rho>_V) over rho > 0 cells,0.9907912253616438,262144000,numpy mmap KJI traversal in chunks of at most 8 k-planes,262144000,newly_computed_full_resolution_primitive_exploratory,sqrt(<|u - <u>_V|^2>_V),0.3091039460442333,1.448324203491211,0.33532437682151794,1.0075207010560507,1.00001,100752.17436266194,<0.5 * rho * |u|^2>_V,0.22603140685238948,<0.5 * |B|^2>_V,0.4577308635476664,2.0250763817374677,0,0,0,"Mean pressure over rho > 0 and eint >= 0 cells; this is a valid-cell conditional mean, not an unconditional volume mean.",1.00752174363322,p = (gamma - 1) * eint,derived_from_extracted_eint,1.4483306250094883,0.3353239453146968,262144000,0.3091022512197937,"sqrt(<gamma * p / rho>_V) over rho > 0, eint >= 0 cells",1.0000054830543386,AthenaK simulation code units,-0.3422011842447684,-0.10585537673281432,0.5006035505182004,volume,representative:low_dBB
L640_sub03942,8075104256,7.169695829041302,8388609024,40.829912518849596,14639740,94.24535041605122,24854908,27330048,29065411,50.0554527528584,33697934,2.1809956240467727,389021696000,0,0,0,0,0,323929381124,81.08278520555177,65092314876,0.02974578319117427,0.05952397082000971,15095439,3039232,0,33661888,2.179912586696446,389021696000,0,0,0,0,0,215397489120,85.92617025179788,173624206880,0.030966897029429674,0.05942011624574661,12234609,3039232,108531892004,"[3840, 4480, 3840, 4480, 9600, 10240]",0.8283140063285828,0.7470294833183289,0,0.6737216114997864,0.9101175665855408,640,0,3840,4480,3840,4480,9600,10240,0.6959112882614136,0,0.5198662877082825,0,0,0.32627835869789124,1.9628887176513672,1.0640382766723633,0,0.2472340166568756,-0.02247001975774765,1.9628890752792358,106404.5078125,0,24723.400390625,-0.022465204820036888,0.4141570031642914,3.690465211868286,-0.6026818156242371,0,0.2230682522058487,-0.4927477538585663,3.018516778945923,0.18172743916511536,0,0.14466166496276855,-0.056488409638404846,2.7491626739501953,0.1972264051437378,0,0.1534462422132492,0.264197438955307,0.23235443234443665,3942,-0.5664098858833313,0.17079031467437744,0.1853564977645874,0.7242010235786438,0.8823052644729614,7.813467592000961,8388608000,"[24480, 24481, 24482, 24483, 24484, 24485, 24486, 24487, 24488, 24489, 24490, 24491, 24492, 24493, 24494, 24495]",0.3014028482783092,sqrt(<|B|^2 / rho>_V) over rho > 0 cells,0.9669384007018448,262144000,numpy mmap KJI traversal in chunks of at most 8 k-planes,262144000,newly_computed_full_resolution_primitive_exploratory,sqrt(<|u - <u>_V|^2>_V),0.2914379880812091,1.6390467882156372,0.5027438402175903,1.064038278373931,1.00001,106403.8471806575,<0.5 * rho * |u|^2>_V,0.247024705245768,<0.5 * |B|^2>_V,0.4141569955971886,1.6765812762943633,0,0,0,"Mean pressure over rho > 0 and eint >= 0 cells; this is a valid-cell conditional mean, not an unconditional volume mean.",1.0640384718135452,p = (gamma - 1) * eint,derived_from_extracted_eint,1.6390621875107378,0.5027405078157936,262144000,0.29143657636330156,"sqrt(<gamma * p / rho>_V) over rho > 0, eint >= 0 cells",1.0000048439970204,AthenaK simulation code units,-0.5809595019472603,0.16323916176961362,0.2021884858315959,volume,representative:near_median_dBB
L640_sub00957,8075104256,7.1619354479480535,8388609024,41.06017880490981,14639740,94.35939290001988,24855004,30901162,32715558,50.11503549804911,35103788,2.208841187413782,389021696000,0,0,0,0,0,323929381124,80.01100288843736,65092314876,0.03464085701853037,0.06031045876443386,17095671,3039232,0,35012364,2.2114925240166485,389021696000,0,0,0,0,0,215397489120,86.89183058342314,173624206880,0.031041976995766163,0.06175890890881419,13805491,3039232,108531892004,"[8320, 8960, 7040, 7680, 1920, 2560]",0.3495238721370697,0.4852263033390045,0,0.6736151576042175,0.5912054181098938,640,0,8320,8960,7040,7680,1920,2560,0.6960799098014832,0,0.33775627613067627,0,0,0.32638487219810486,2.5678417682647705,1.133244276046753,0,0.11155809462070465,-0.5838174223899841,2.5677716732025146,113324.96875,0,11155.681640625,-0.5838145017623901,0.17476193606853485,2.690004587173462,-0.1141667440533638,0,0.23066763579845428,-0.3584076762199402,2.864229679107666,0.4479004144668579,0,0.2056780904531479,0.6168596744537354,3.577620267868042,-0.07284816354513168,0,0.21709735691547394,0.6327738761901855,0.09844134747982025,957,-0.10074327886104584,0.3952373266220093,-0.0642828419804573,0.4558086693286896,0.5553626418113708,7.813467592000961,8388608000,"[45552, 45553, 45554, 45555, 45556, 45557, 45558, 45559, 45560, 45561, 45562, 45563, 45564, 45565, 45566, 45567]",0.616597382513567,sqrt(<|B|^2 / rho>_V) over rho > 0 cells,0.5763336732592501,262144000,numpy mmap KJI traversal in chunks of at most 8 k-planes,262144000,newly_computed_full_resolution_primitive_exploratory,sqrt(<|u - <u>_V|^2>_V),0.355365834386083,1.3748670816421509,0.7452008128166199,1.1332442326241012,1.00001,113324.63116490042,<0.5 * rho * |u|^2>_V,0.16516424031330398,<0.5 * |B|^2>_V,0.17476193655352748,1.0581100135357229,0,0,0,"Mean pressure over rho > 0 and eint >= 0 cells; this is a valid-cell conditional mean, not an unconditional volume mean.",1.1332463116564284,p = (gamma - 1) * eint,derived_from_extracted_eint,1.374870156259007,0.745201171879882,262144000,0.3553637348837527,"sqrt(<gamma * p / rho>_V) over rho > 0, eint >= 0 cells",1.0000059080376644,AthenaK simulation code units,-0.11154801967007413,0.40408947223623126,-0.05945783725418597,volume,representative:near_median_dBB
L640_sub03356,8075333632,7.167003261856735,8388609024,41.0303755630739,14639740,96.12812822009437,24855004,27124816,28821941,50.44827623502351,31423988,2.1873153327032924,389021696000,0,0,0,0,0,323929381124,79.27855376526713,65092314876,0.029949371237307787,0.05919655226171017,14982790,3039232,0,31423256,2.1889800843782723,389021696000,0,0,0,0,0,215397489120,85.70003107376397,173624206880,0.032097846269607544,0.059245720971375704,12142026,3039232,108531892004,"[7680, 8320, 640, 1280, 8320, 8960]",0.331572949886322,0.4724547863006592,0,0.6731958389282227,0.5758237242698669,640,0,7680,8320,640,1280,8320,8960,0.6967437267303467,0,0.32917991280555725,0,0,0.32680416107177734,4.005990505218506,1.1236618757247925,0,0.11779521405696869,-1.136777639389038,4.006218910217285,112366.5859375,0,11779.482421875,-1.1367772817611694,0.165786474943161,2.7611958980560303,-0.02114657498896122,0,0.25006625056266785,0.10151811689138412,3.5681309700012207,0.2086896300315857,0,0.1410924196243286,0.5015468001365662,3.4308693408966064,0.05208880826830864,0,0.17700131237506866,-0.6424912810325623,0.10483154654502869,3356,-0.01881933957338333,0.18572279810905457,0.04635630175471306,0.4456997811794281,0.5432149767875671,7.813467592000961,8388608000,"[55344, 55345, 55346, 55347, 55348, 55349, 55350, 55351, 55352, 55353, 55354, 55355, 55356, 55357, 55358, 55359]",0.5663750277430413,sqrt(<|B|^2 / rho>_V) over rho > 0 cells,0.5679747624127558,262144000,numpy mmap KJI traversal in chunks of at most 8 k-planes,262144000,newly_computed_full_resolution_primitive_exploratory,sqrt(<|u - <u>_V|^2>_V),0.32168672181887187,1.3487379550933838,0.5754418969154358,1.1236619030336756,1.00001,112366.34435969406,<0.5 * rho * |u|^2>_V,0.07420612495161899,<0.5 * |B|^2>_V,0.16578647324998524,2.2341346264621005,0,0,0,"Mean pressure over rho > 0 and eint >= 0 cells; this is a valid-cell conditional mean, not an unconditional volume mean.",1.1236634436043023,p = (gamma - 1) * eint,derived_from_extracted_eint,1.3487406250088358,0.5754395703162698,262144000,0.321684905452162,"sqrt(<gamma * p / rho>_V) over rho > 0, eint >= 0 cells",1.0000056464157288,AthenaK simulation code units,-0.004122809424736035,0.18809435891018858,0.03555081387109284,volume,representative:near_median_dBB
L640_sub01582,8042254336,7.248213982908055,8388609024,41.123870151117444,14639740,97.40436095697805,24854908,30818281,32630565,68.62431066390127,33864098,2.2128511569462717,389021696000,0,0,0,0,0,323929381124,79.8430880902306,65092314876,0.029282940085977316,0.05997019028291106,17061490,3039232,0,33879252,2.2179922848008573,389021696000,0,0,0,0,0,215397489120,85.63829040061682,173624206880,0.030056997202336788,0.05956482840701938,13756791,3039232,108531892004,"[8960, 9600, 1280, 1920, 3840, 4480]",0.4416730999946594,0.5456980466842651,0,0.6742235422134399,0.6645848751068115,640,0,8960,9600,1280,1920,3840,4480,0.6951169967651367,0,0.3793240189552307,0,0,0.32577648758888245,3.150625228881836,1.0144845247268677,0,0.13178463280200958,-0.9619471430778503,3.1506855487823486,101448.7890625,0,13178.4208984375,-0.9619510769844055,0.2208365499973297,3.6943600177764893,-0.152739480137825,0,0.16921137273311615,-0.9447529911994934,1.9201831817626953,0.1754780113697052,0,0.21397092938423157,0.006130092311650515,2.5084564685821533,-0.15993168950080872,0,0.1442583203315735,-0.1974746584892273,0.12990304827690125,1582,-0.1505587100982666,0.17297257483005524,-0.1576482206583023,0.5417883992195129,0.659823477268219,7.813467592000961,8388608000,"[39808, 39809, 39810, 39811, 39812, 39813, 39814, 39815, 39816, 39817, 39818, 39819, 39820, 39821, 39822, 39823]",0.41624819956546266,sqrt(<|B|^2 / rho>_V) over rho > 0 cells,0.6981825506253714,262144000,numpy mmap KJI traversal in chunks of at most 8 k-planes,262144000,newly_computed_full_resolution_primitive_exploratory,sqrt(<|u - <u>_V|^2>_V),0.2906172296658333,1.2637921571731567,0.5498248934745789,1.0144845139726064,1.00001,101448.48687632068,<0.5 * rho * |u|^2>_V,0.08180928375919758,<0.5 * |B|^2>_V,0.22083654669937028,2.699406919994484,0,0,0,"Mean pressure over rho > 0 and eint >= 0 cells; this is a valid-cell conditional mean, not an unconditional volume mean.",1.014484868769853,p = (gamma - 1) * eint,derived_from_extracted_eint,1.2637897656332793,0.549823476566102,262144000,0.2906157403688085,"sqrt(<gamma * p / rho>_V) over rho > 0, eint >= 0 cells",1.0000051246261572,AthenaK simulation code units,-0.1521777153288248,0.15709074036413984,-0.14961919347653244,volume,representative:near_median_dBB
L640_sub00579,8075104256,7.150388420093805,8388609024,40.849228996085,14639740,95.48311721417122,24855004,28028402,29796204,75.90257411403582,32850148,2.180802896153182,389021696000,0,0,0,0,0,323929381124,81.42192426742986,65092314876,0.02972475904971361,0.05993959913030267,15502732,3039232,0,32597510,2.1949395150877535,389021696000,0,0,0,0,0,215397489120,86.91283384972485,173624206880,0.03040893003344536,0.059125802014023066,12525670,3039232,108531892004,"[1920, 2560, 2560, 3200, 1280, 1920]",0.24478290975093842,0.24924826622009277,0,0.2537950873374939,0.49475541710853577,640,0,1920,2560,2560,3200,1280,1920,1.714697241783142,0,0.4273853302001953,0,0,0.7462049126625061,4.559418201446533,1.2022169828414917,0,0.0954282209277153,-1.3998663425445557,4.559523105621338,120222.0234375,0,9542.5712890625,-1.39987051486969,0.12239145487546921,3.3486711978912354,-0.12200085073709488,0,0.18858025968074799,0.15116439759731293,2.908111095428467,-0.29339173436164856,0,0.19520974159240723,-0.29517772793769836,3.028979778289795,0.14336733520030975,0,0.18306908011436462,-0.06766321510076523,0.07937686890363693,579,-0.1014798954129219,-0.24404224753379822,0.11925245821475983,0.22732160985469818,0.4512311816215515,7.813467592000961,8388608000,"[1856, 1857, 1858, 1859, 1860, 1861, 1862, 1863, 1864, 1865, 1866, 1867, 1868, 1869, 1870, 1871]",0.621246144701278,sqrt(<|B|^2 / rho>_V) over rho > 0 cells,0.474560069874185,262144000,numpy mmap KJI traversal in chunks of at most 8 k-planes,262144000,newly_computed_full_resolution_primitive_exploratory,sqrt(<|u - <u>_V|^2>_V),0.29481861383850655,1.4200252294540405,0.7059868574142456,1.2022169928461781,1.00001,120221.79921791458,<0.5 * rho * |u|^2>_V,0.09998446233542888,<0.5 * |B|^2>_V,0.12239145410924888,1.2241047383807377,0,0,0,"Mean pressure over rho > 0 and eint >= 0 cells; this is a valid-cell conditional mean, not an unconditional volume mean.",1.2022179921870215,p = (gamma - 1) * eint,derived_from_extracted_eint,1.4200278125093029,0.705985234379625,262144000,0.2948170100693743,"sqrt(<gamma * p / rho>_V) over rho > 0, eint >= 0 cells",1.000005439879917,AthenaK simulation code units,-0.10487388673816757,-0.253356435485404,0.12106028594336012,volume,representative:high_dBB
L640_sub00886,7763053568,7.616017172811553,8388609024,79.7118229509797,14639740,149.03788594319485,24855004,28576141,30349557,50.2773825339973,32868126,2.186438367702067,389021696000,0,0,0,0,0,323929381124,81.7763915383257,65092314876,0.029048760887235403,0.05947459163144231,15774200,3039232,0,32800894,2.191510492004454,389021696000,0,0,0,0,0,215397489120,88.20800749585032,173624206880,0.03280925517901778,0.05941739212721586,12801941,3039232,108531892004,"[3840, 4480, 4480, 5120, 1920, 2560]",0.5178332924842834,0.36281654238700867,0,0.25420501828193665,0.719606339931488,640,0,3840,4480,4480,5120,1920,2560,1.712843418121338,0,0.6214479207992554,0,0,0.745794951915741,2.28576397895813,1.0975251197814941,0,0.1652003526687622,-0.5176581740379333,2.285789966583252,109753.2421875,0,16520.056640625,-0.5176604390144348,0.2589166462421417,2.9923601150512695,0.14340797066688538,0,0.18859577178955078,-0.18526124954223633,2.174095392227173,-0.3870584964752197,0,0.38082143664360046,-0.21818332374095917,3.454690456390381,-0.07860155403614044,0,0.15190888941287994,0.32707953453063965,0.15052080154418945,886,0.1306648701429367,-0.3526648283004761,-0.07161708921194077,0.34632179141044617,0.6868909001350403,7.813467592000961,8388608000,"[6064, 6065, 6066, 6067, 6068, 6069, 6070, 6071, 6072, 6073, 6074, 6075, 6076, 6077, 6078, 6079]",0.5470260829709759,sqrt(<|B|^2 / rho>_V) over rho > 0 cells,0.7344728781943975,262144000,numpy mmap KJI traversal in chunks of at most 8 k-planes,262144000,newly_computed_full_resolution_primitive_exploratory,sqrt(<|u - <u>_V|^2>_V),0.40177582160709996,1.6088849306106567,0.3719157874584198,1.0975250700876882,1.00001,109752.81005443225,<0.5 * rho * |u|^2>_V,0.17098960220556872,<0.5 * |B|^2>_V,0.2589166582458922,1.5142245780220893,0,0,0,"Mean pressure over rho > 0 and eint >= 0 cells; this is a valid-cell conditional mean, not an unconditional volume mean.",1.0975281005515123,p = (gamma - 1) * eint,derived_from_extracted_eint,1.6088982812605401,0.3719147265649365,262144000,0.40177330129836386,"sqrt(<gamma * p / rho>_V) over rho > 0, eint >= 0 cells",1.0000062729622101,AthenaK simulation code units,0.1489795247125067,-0.3549857217812255,-0.08235664020611519,volume,representative:high_dBB
L640_sub00032,8075366400,7.171533215092495,8388609024,114.23931780201383,14639740,169.83152230503038,24854908,30695555,32309755,61.582260518101975,33921942,2.289424914866686,389021696000,0,0,0,0,0,323929381124,82.56137444045453,65092314876,0.039216126780956984,0.06695479294285178,16991960,3039232,0,33940978,2.2155426489189267,389021696000,0,0,0,0,0,215397489120,87.21562458900735,173624206880,0.03125003492459655,0.062083743046969175,13703595,3039232,108531892004,"[0, 640, 1280, 1920, 0, 640]",0.21061234176158905,0.23111984133720398,0,0.2536241412162781,0.4589252173900604,640,0,0,640,1280,1920,0,640,1.7154713869094849,0,0.39647945761680603,0,0,0.7463758587837219,6.662619590759277,1.0895254611968994,0,0.11707823723554611,-1.4760680198669434,6.662665367126465,108952.8125,0,11707.6708984375,-1.4760761260986328,0.10530617088079453,3.628248929977417,-0.1468127965927124,0,0.17433974146842957,0.274300217628479,3.9459922313690186,0.09812144190073013,0,0.19199949502944946,-0.5806382894515991,2.681885004043579,-0.3501332700252533,0,0.22078479826450348,-0.5527845025062561,0.10745801031589508,32,-0.13474930822849274,0.09005887806415558,-0.32136309146881104,0.22142085433006287,0.4396663308143616,7.813467592000961,8388608000,"[128, 129, 130, 131, 132, 133, 134, 135, 136, 137, 138, 139, 140, 141, 142, 143]",0.7238896688684384,sqrt(<|B|^2 / rho>_V) over rho > 0 cells,0.4723456485386385,262144000,numpy mmap KJI traversal in chunks of at most 8 k-planes,262144000,newly_computed_full_resolution_primitive_exploratory,sqrt(<|u - <u>_V|^2>_V),0.3419261351120828,1.3700720071792603,0.3393601179122925,1.0895254615171734,1.00001,108952.57667175098,<0.5 * rho * |u|^2>_V,0.12737811783205708,<0.5 * |B|^2>_V,0.10530617196963996,0.8267210550911257,0,0,0,"Mean pressure over rho > 0 and eint >= 0 cells; this is a valid-cell conditional mean, not an unconditional volume mean.",1.0895257667246474,p = (gamma - 1) * eint,derived_from_extracted_eint,1.3700746875089755,0.3393572265647232,262144000,0.34192437620896327,"sqrt(<gamma * p / rho>_V) over rho > 0, eint >= 0 cells",1.0000051441290587,AthenaK simulation code units,-0.13381670870158943,0.08087721728542818,-0.32460171694430856,volume,representative:high_dBB
L640_sub02279,8075104256,7.155862639890984,8388609024,40.24849289190024,14639740,93.97245143097825,24855004,27618877,29100977,59.56438240688294,31867144,2.1797983199357986,389021696000,0,0,0,0,0,323929381124,80.84121207566932,65092314876,0.029494350776076317,0.05932261608541012,15254928,3039232,0,31921830,2.1817693267948925,389021696000,0,0,0,0,0,215397489120,88.046686140573,173624206880,0.032121452037245035,0.05951195815578103,12363949,3039232,108531892004,"[4480, 5120, 8960, 9600, 5120, 5760]",0.4170092046260834,0.3251866102218628,0,0.25358274579048157,0.6457625031471252,640,0,4480,5120,8960,9600,5120,5760,1.7156591415405273,0,0.557909369468689,0,0,0.7464172840118408,3.040431261062622,1.1011723279953003,0,0.10369447618722916,-0.4493487477302551,3.0403316020965576,110117.6953125,0,10369.47265625,-0.4493391811847687,0.2085046023130417,3.090616464614868,-0.016067344695329666,0,0.1450219303369522,-0.33290740847587585,2.3064587116241455,0.27561885118484497,0,0.24548837542533875,0.013794682919979095,2.4863505363464355,-0.015511828474700451,0,0.1975690871477127,-0.166948601603508,0.09416734427213669,2279,-0.014591125771403313,0.25029581785202026,-0.014086649753153324,0.30988818407058716,0.6153825521469116,7.813467592000961,8388608000,"[30400, 30401, 30402, 30403, 30404, 30405, 30406, 30407, 30408, 30409, 30410, 30411, 30412, 30413, 30414, 30415]",0.4928032258822115,sqrt(<|B|^2 / rho>_V) over rho > 0 cells,0.6341451997619059,262144000,numpy mmap KJI traversal in chunks of at most 8 k-planes,262144000,newly_computed_full_resolution_primitive_exploratory,sqrt(<|u - <u>_V|^2>_V),0.3125088001203866,1.4262616634368896,0.6337980628013611,1.1011723220032268,1.00001,110117.39651159976,<0.5 * rho * |u|^2>_V,0.08783915395967212,<0.5 * |B|^2>_V,0.20850459925628606,2.3737091018888083,0,0,0,"Mean pressure over rho > 0 and eint >= 0 cells; this is a valid-cell conditional mean, not an unconditional volume mean.",1.1011739651232118,p = (gamma - 1) * eint,derived_from_extracted_eint,1.4262704687593437,0.6337938281291521,262144000,0.3125070187706358,"sqrt(<gamma * p / rho>_V) over rho > 0, eint >= 0 cells",1.000005700191176,AthenaK simulation code units,-0.010851085974143984,0.2453372640842531,-0.014687510487707776,volume,representative:high_dBB
L640_sub01088,8075104256,7.170940289041027,8388609024,40.48379265400581,14639740,94.44573998800479,24855004,31209676,33043439,53.864664119901136,37078064,2.2188453329727054,389021696000,0,0,0,0,0,323929381124,81.45493812765926,65092314876,0.03231540275737643,0.05989566817879677,17245802,3039232,0,37217704,2.218785408884287,389021696000,0,0,0,0,0,215397489120,86.73386293975636,173624206880,0.03061656979843974,0.060651357751339674,13963874,3039232,108531892004,"[0, 640, 2560, 3200, 2560, 3200]",0.26651644706726074,0.4753071069717407,0,0.8476656675338745,0.516252338886261,640,0,0,640,2560,3200,2560,3200,0.423922598361969,0,0.20149342715740204,0,0,0.1523343026638031,3.380617618560791,1.0136463642120361,0,0.0520160049200058,-0.17704598605632782,3.3798115253448486,101364.984375,0,5201.62158203125,-0.17701207101345062,0.13325822353363037,5.8179402351379395,0.14207875728607178,0,0.12288971245288849,-0.7405920624732971,2.8525242805480957,0.03571554273366928,0,0.12105054408311844,-0.5060645341873169,3.2387025356292725,-0.13373199105262756,0,0.09981642663478851,0.14858627319335938,0.051315732300281525,1088,0.1401659995317459,0.0352347157895565,-0.1319316029548645,0.47209683060646057,0.5127654671669006,7.813467592000961,8388608000,"[3072, 3073, 3074, 3075, 3076, 3077, 3078, 3079, 3080, 3081, 3082, 3083, 3084, 3085, 3086, 3087]",0.3772365066707638,sqrt(<|B|^2 / rho>_V) over rho > 0 cells,0.518611022114662,262144000,numpy mmap KJI traversal in chunks of at most 8 k-planes,262144000,newly_computed_full_resolution_primitive_exploratory,sqrt(<|u - <u>_V|^2>_V),0.19563901030348935,1.2160625457763672,0.7352569103240967,1.0136463967903826,1.00001,101364.81113373429,<0.5 * rho * |u|^2>_V,0.038668046812821,<0.5 * |B|^2>_V,0.13325822998215317,3.446210526929674,0,0,0,"Mean pressure over rho > 0 and eint >= 0 cells; this is a valid-cell conditional mean, not an unconditional volume mean.",1.013648111343983,p = (gamma - 1) * eint,derived_from_extracted_eint,1.2160628906329667,0.7352546093798168,262144000,0.19563786985645507,"sqrt(<gamma * p / rho>_V) over rho > 0, eint >= 0 cells",1.0000058293776921,AthenaK simulation code units,0.1391662207765211,0.035683052639282745,-0.13013021254931456,volume,matched:1:low
L640_sub02297,8075104256,7.296447082189843,8388609024,40.44303044700064,14639740,95.76158996205777,24854908,27807646,29582491,62.72465023514815,33282664,2.1866363952867687,389021696000,0,0,0,0,0,323929381124,82.30371485363867,65092314876,0.029231606051325798,0.059598561841994524,15341467,3039232,0,33347256,2.1834348449483514,389021696000,0,0,0,0,0,215397489120,87.21668494679034,173624206880,0.030286496970802546,0.06027358304709196,12466179,3039232,108531892004,"[5760, 6400, 9600, 10240, 5120, 5760]",0.13748452067375183,0.23613546788692474,0,0.4055726230144501,0.3707890510559082,640,0,5760,6400,9600,10240,5120,5760,1.2106401920318604,0,0.2858750820159912,0,0,0.5944273471832275,3.714010238647461,1.0693241357803345,0,0.055979471653699875,-0.7727543711662292,3.7131853103637695,106932.421875,0,5597.99462890625,-0.7727117538452148,0.06874226033687592,2.644050121307373,-0.12718655169010162,0,0.13184219598770142,0.3884309232234955,2.9619712829589844,0.07804739475250244,0,0.12057802826166153,-0.21995803713798523,3.596545696258545,0.1194651648402214,0,0.08774210512638092,0.23376744985580444,0.05235033109784126,2297,-0.1189410611987114,0.07298759371042252,0.1117202565073967,0.22835290431976318,0.35856857895851135,7.813467592000961,8388608000,"[58576, 58577, 58578, 58579, 58580, 58581, 58582, 58583, 58584, 58585, 58586, 58587, 58588, 58589, 58590, 58591]",0.5098169290758529,sqrt(<|B|^2 / rho>_V) over rho > 0 cells,0.3654821851922963,262144000,numpy mmap KJI traversal in chunks of at most 8 k-planes,262144000,newly_computed_full_resolution_primitive_exploratory,sqrt(<|u - <u>_V|^2>_V),0.18632900528666863,1.2228397130966187,0.7527874112129211,1.069324156755311,1.00001,106932.3140310407,<0.5 * rho * |u|^2>_V,0.03545809903650581,<0.5 * |B|^2>_V,0.0687422615001934,1.9386899853097017,0,0,0,"Mean pressure over rho > 0 and eint >= 0 cells; this is a valid-cell conditional mean, not an unconditional volume mean.",1.0693231403174122,p = (gamma - 1) * eint,derived_from_extracted_eint,1.2228417187580112,0.7527878125049317,262144000,0.186328166757768,"sqrt(<gamma * p / rho>_V) over rho > 0, eint >= 0 cells",1.0000045002798836,AthenaK simulation code units,-0.11949521424992676,0.07030019907219219,0.11080883479345038,volume,matched:1:high
L640_sub00732,8075104256,9.148190293926746,8388609024,70.29022085200995,14639740,305.9854535900522,24855004,26479246,27812748,53.25710026710294,31619146,2.1821712367236614,389021696000,0,0,0,0,0,323929381124,80.72208933578804,65092314876,0.030142622999846935,0.0595532339066267,14618257,3039232,0,31596914,2.1840492147020996,389021696000,0,0,0,0,0,215397489120,87.09286985518702,173624206880,0.030547915026545525,0.05964416824281216,11860989,3039232,108531892004,"[7680, 8320, 8320, 8960, 1280, 1920]",0.2633192539215088,0.4757770597934723,0,0.8596553206443787,0.5131464004516602,640,0,7680,8320,8320,8960,1280,1920,0.4040506184101105,0,0.1922380030155182,0,0,0.14034466445446014,3.9195666313171387,1.0675715208053589,0,0.059318576008081436,-0.7529383301734924,3.921964168548584,106757.4140625,0,5931.78076171875,-0.7530052661895752,0.1316596269607544,4.942767143249512,-0.23533907532691956,0,0.1538366675376892,0.9417177438735962,3.2690093517303467,0.3597797155380249,0,0.10113564133644104,0.06544497609138489,6.180795192718506,0.1088501513004303,0,0.1748834252357483,-1.4308654069900513,0.0555640310049057,732,-0.22044338285923004,0.3370075821876526,0.10196052491664886,0.4604738652706146,0.49664127826690674,7.813467592000961,8388608000,"[46352, 46353, 46354, 46355, 46356, 46357, 46358, 46359, 46360, 46361, 46362, 46363, 46364, 46365, 46366, 46367]",0.4740809435086466,sqrt(<|B|^2 / rho>_V) over rho > 0 cells,0.5026781816214622,262144000,numpy mmap KJI traversal in chunks of at most 8 k-planes,262144000,newly_computed_full_resolution_primitive_exploratory,sqrt(<|u - <u>_V|^2>_V),0.2383101466243136,1.2191816568374634,0.7387231588363647,1.0675715535813208,1.00001,106757.15651484123,<0.5 * rho * |u|^2>_V,0.12223349404748872,<0.5 * |B|^2>_V,0.13165962576437706,1.0771157839374714,0,0,0,"Mean pressure over rho > 0 and eint >= 0 cells; this is a valid-cell conditional mean, not an unconditional volume mean.",1.067571565155407,p = (gamma - 1) * eint,derived_from_extracted_eint,1.2191835937579871,0.7387208593798396,262144000,0.23830895180538975,"sqrt(<gamma * p / rho>_V) over rho > 0, eint >= 0 cells",1.00000501373916,AthenaK simulation code units,-0.22153090854235133,0.3372770550132178,0.09973366956848728,volume,matched:2:low
L640_sub02000,8075104256,7.156256725080311,8388609024,40.64734122809023,14639740,94.90722633199766,24855004,27632605,29114212,65.83785944688134,31470184,2.191781993024051,389021696000,0,0,0,0,0,323929381124,81.7653865814209,65092314876,0.030047429259866476,0.05910834204405546,15247978,3039232,0,31440042,2.181361939292401,389021696000,0,0,0,0,0,215397489120,87.44184218067676,173624206880,0.03134299581870437,0.061789640225470066,12384627,3039232,108531892004,"[0, 640, 8320, 8960, 4480, 5120]",0.17879056930541992,0.2508369982242584,0,0.3519156277179718,0.4228363335132599,640,0,0,640,8320,8960,4480,5120,1.3570520877838135,0,0.3403988480567932,0,0,0.6480844020843506,3.6521270275115967,1.0046762228012085,0,0.06412411481142044,-0.869207501411438,3.652686595916748,100467.7734375,0,6412.4599609375,-0.8691911101341248,0.08939528465270996,2.903801679611206,-0.2526814043521881,0,0.14183646440505981,-0.08342878520488739,3.3231406211853027,-0.19719602167606354,0,0.09079992771148682,-0.14466212689876556,3.422907590866089,-0.17926077544689178,0,0.17973671853542328,0.12239747494459152,0.06382565200328827,2000,-0.2515052855014801,-0.1962781697511673,-0.17842641472816467,0.25025254487991333,0.42185115814208984,7.813467592000961,8388608000,"[11568, 11569, 11570, 11571, 11572, 11573, 11574, 11575, 11576, 11577, 11578, 11579, 11580, 11581, 11582, 11583]",0.5645589733564316,sqrt(<|B|^2 / rho>_V) over rho > 0 cells,0.43385153465741294,262144000,numpy mmap KJI traversal in chunks of at most 8 k-planes,262144000,newly_computed_full_resolution_primitive_exploratory,sqrt(<|u - <u>_V|^2>_V),0.24493477699530133,1.1956119537353516,0.5450663566589355,1.0046762794329807,1.00001,100467.58763652555,<0.5 * rho * |u|^2>_V,0.09704342505065171,<0.5 * |B|^2>_V,0.0893952866089607,0.921188494349833,0,0,0,"Mean pressure over rho > 0 and eint >= 0 cells; this is a valid-cell conditional mean, not an unconditional volume mean.",1.0046758763718375,p = (gamma - 1) * eint,derived_from_extracted_eint,1.1956175781328326,0.5450633593785709,262144000,0.2449336110243766,"sqrt(<gamma * p / rho>_V) over rho > 0, eint >= 0 cells",1.000004760354938,AthenaK simulation code units,-0.25423946729598546,-0.19462430565168046,-0.17641150042875586,volume,matched:2:high
L640_sub02602,8075104256,7.165725656086579,8388609024,41.27403021999635,14639740,111.06803018506616,24854908,28159954,29733283,49.920904802158475,33433476,2.1970992628484964,389021696000,0,0,0,0,0,323929381124,81.48766802251339,65092314876,0.028824638109654188,0.05947354482486844,15557645,3039232,0,33422618,2.1869587851688266,389021696000,0,0,0,0,0,215397489120,86.91309603163972,173624206880,0.030394752975553274,0.05997298378497362,12602309,3039232,108531892004,"[6400, 7040, 1280, 1920, 6400, 7040]",0.37836334109306335,0.5627098083496094,0,0.8368735909461975,0.6151124835014343,640,0,6400,7040,1280,1920,6400,7040,0.4415014982223511,0,0.24843721091747284,0,0,0.1631263941526413,4.0365729331970215,0.9962776303291321,0,0.09885498136281967,-0.999826967716217,4.036571502685547,99627.984375,0,9885.4921875,-0.9998102784156799,0.18918167054653168,6.344326972961426,0.1407737284898758,0,0.1538342535495758,0.10617907345294952,2.9101245403289795,-0.47938641905784607,0,0.16953197121620178,0.538090169429779,5.891395092010498,0.09127165377140045,0,0.1363881677389145,-1.1816214323043823,0.09922432899475098,2602,0.14129970967769623,-0.48117753863334656,0.09161266684532166,0.5637600421905518,0.6162605285644531,7.813467592000961,8388608000,"[50048, 50049, 50050, 50051, 50052, 50053, 50054, 50055, 50056, 50057, 50058, 50059, 50060, 50061, 50062, 50063]",0.4217733602383977,sqrt(<|B|^2 / rho>_V) over rho > 0 cells,0.6368701874403208,262144000,numpy mmap KJI traversal in chunks of at most 8 k-planes,262144000,newly_computed_full_resolution_primitive_exploratory,sqrt(<|u - <u>_V|^2>_V),0.26861487899236225,1.3094314336776733,0.5371066331863403,0.996277602277268,1.00001,99627.62991685439,<0.5 * rho * |u|^2>_V,0.1637051396663564,<0.5 * |B|^2>_V,0.18918167701297298,1.1556245417739464,0,0,0,"Mean pressure over rho > 0 and eint >= 0 cells; this is a valid-cell conditional mean, not an unconditional volume mean.",0.9962762991750707,p = (gamma - 1) * eint,derived_from_extracted_eint,1.3094371875085784,0.5371025390660187,262144000,0.26861372387789173,"sqrt(<gamma * p / rho>_V) over rho > 0, eint >= 0 cells",1.0000043002809158,AthenaK simulation code units,0.13696440652373318,-0.4794547828245727,0.0935700865940182,volume,matched:3:low
L640_sub02249,7741036032,7.321706842863932,8388609024,107.72087084199302,14639740,215.1385549060069,24855004,27558825,29302319,56.23058328800835,31881278,2.182560354936868,389021696000,0,0,0,0,0,323929381124,81.00520098907873,65092314876,0.02931059803813696,0.059081802144646645,15176319,3039232,0,31857142,2.181441838853061,389021696000,0,0,0,0,0,215397489120,88.25723772047786,173624206880,0.03144838660955429,0.06094322679564357,12382506,3039232,108531892004,"[5760, 6400, 7680, 8320, 5120, 5760]",0.27799421548843384,0.3325652480125427,0,0.3978487253189087,0.5272516012191772,640,0,5760,6400,7680,8320,5120,5760,1.2302511930465698,0,0.40913882851600647,0,0,0.6021512746810913,3.213340997695923,1.0418331623077393,0,0.11053052544593811,-0.9378469586372375,3.2133712768554688,104183.625,0,11053.0771484375,-0.9378471374511719,0.13899710774421692,2.6766955852508545,-0.08076151460409164,0,0.1467917263507843,0.40086132287979126,5.529686450958252,-0.07032460719347,0,0.15534083545207977,-0.9902535676956177,2.716996669769287,-0.08340514451265335,0,0.14035743474960327,0.2576029300689697,0.10609234869480133,2249,-0.07751866430044174,-0.06750083714723587,-0.08005613833665848,0.32582002878189087,0.5165576338768005,7.813467592000961,8388608000,"[58432, 58433, 58434, 58435, 58436, 58437, 58438, 58439, 58440, 58441, 58442, 58443, 58444, 58445, 58446, 58447]",0.45760537981238947,sqrt(<|B|^2 / rho>_V) over rho > 0 cells,0.5458272773424605,262144000,numpy mmap KJI traversal in chunks of at most 8 k-planes,262144000,newly_computed_full_resolution_primitive_exploratory,sqrt(<|u - <u>_V|^2>_V),0.24977349856025907,1.2512825727462769,0.5537763237953186,1.041833112225996,1.00001,104183.44772170192,<0.5 * rho * |u|^2>_V,0.04043410563201293,<0.5 * |B|^2>_V,0.13899711021683053,3.437620494980906,0,0,0,"Mean pressure over rho > 0 and eint >= 0 cells; this is a valid-cell conditional mean, not an unconditional volume mean.",1.0418344772238446,p = (gamma - 1) * eint,derived_from_extracted_eint,1.2512870312581974,0.5537732812536279,262144000,0.24977210440833275,"sqrt(<gamma * p / rho>_V) over rho > 0, eint >= 0 cells",1.0000055816958808,AthenaK simulation code units,-0.07263156003840127,-0.06626684092181348,-0.08257396607690884,volume,matched:3:high
L640_sub00738,8075104256,8.201570296892896,8388609024,40.647980919107795,14639740,136.51274061901495,24855004,27278752,28839866,54.12745261588134,31200088,2.180839354172349,389021696000,0,0,0,0,0,323929381124,80.8090266045183,65092314876,0.03092890279367566,0.060307386331260204,15059098,3039232,0,31213122,2.1784180789254606,389021696000,0,0,0,0,0,215397489120,87.94365106057376,173624206880,0.03231177106499672,0.05937967589125037,12219654,3039232,108531892004,"[1280, 1920, 8960, 9600, 1280, 1920]",0.7189381718635559,0.018953079357743263,0,0.0004996524075977504,0.847902238368988,640,0,1280,1920,8960,9600,1280,1920,44.72573471069336,0,0.8476903438568115,0,0,0.9995003342628479,2.4674835205078125,0.986526608467102,0,0.2034553438425064,-0.08176776766777039,2.467482566833496,98653.3125,0,20345.71484375,-0.08174850791692734,0.35946908593177795,3.9288225173950195,0.08926647901535034,0,0.28525468707084656,0.11631768941879272,4.174272060394287,-0.14283856749534607,0,0.1960805058479309,-0.5195715427398682,4.4886956214904785,-0.25676000118255615,0,0.2711223065853119,-0.38207393884658813,0.20623400807380676,738,0.09048563241958618,-0.14478936791419983,-0.2602666914463043,0.01908206380903721,0.8536726832389832,7.813467592000961,8388608000,"[10112, 10113, 10114, 10115, 10116, 10117, 10118, 10119, 10120, 10121, 10122, 10123, 10124, 10125, 10126, 10127]",0.4564624197164868,sqrt(<|B|^2 / rho>_V) over rho > 0 cells,0.9247793029745818,262144000,numpy mmap KJI traversal in chunks of at most 8 k-planes,262144000,newly_computed_full_resolution_primitive_exploratory,sqrt(<|u - <u>_V|^2>_V),0.4221269983395037,1.697121262550354,0.34559524059295654,0.9865265801720768,1.00001,98652.81511360485,<0.5 * rho * |u|^2>_V,0.13904267650669777,<0.5 * |B|^2>_V,0.3594690880823795,2.5853147904921383,0,0,0,"Mean pressure over rho > 0 and eint >= 0 cells; this is a valid-cell conditional mean, not an unconditional volume mean.",0.9865281511425116,p = (gamma - 1) * eint,derived_from_extracted_eint,1.6971526562611183,0.34559167968976406,262144000,0.42212469001106695,"sqrt(<gamma * p / rho>_V) over rho > 0, eint >= 0 cells",1.0000054683568418,AthenaK simulation code units,0.09893665075893457,-0.13371750447528105,-0.2705553066997951,volume,outlier:small_B_mean
L640_sub01591,8075366400,13.406695304904133,8388609024,140.06425617891364,14639740,473.58180768904276,24854908,28468098,30287144,74.19832338485867,33987920,2.198538187891245,389021696000,0,0,0,0,0,323929381124,82.28886709114886,65092314876,0.02872588112950325,0.05946502322331071,15704940,3039232,0,33965922,2.181070043705404,389021696000,0,0,0,0,0,215397489120,87.55449805408716,173624206880,0.031150091905146837,0.06151439202949405,12763158,3039232,108531892004,"[4480, 5120, 1920, 2560, 3840, 4480]",1.854514718055725,0.6099863052368164,0,0.20063647627830505,1.3618056774139404,640,0,4480,5120,1920,2560,3840,4480,1.9960306882858276,0,1.217551350593567,0,0,0.7993635535240173,2.3594067096710205,0.9607545733451843,0,0.30975836515426636,0.5149714350700378,2.359428644180298,96076.9921875,0,30975.908203125,0.5149800181388855,0.9272573590278625,3.4278626441955566,-0.36084362864494324,0,0.38622385263442993,-0.09337279945611954,3.8087451457977295,0.007398804184049368,0,0.36903929710388184,0.1785517930984497,3.742011070251465,0.19179923832416534,0,0.22403116524219513,-0.09457004070281982,0.32241153717041016,1591,-0.37558355927467346,0.0077010346576571465,0.19963397085666656,0.6223201155662537,1.3893412351608276,7.813467592000961,8388608000,"[7120, 7121, 7122, 7123, 7124, 7125, 7126, 7127, 7128, 7129, 7130, 7131, 7132, 7133, 7134, 7135]",0.402252984910092,sqrt(<|B|^2 / rho>_V) over rho > 0 cells,1.5610316729273788,262144000,numpy mmap KJI traversal in chunks of at most 8 k-planes,262144000,newly_computed_full_resolution_primitive_exploratory,sqrt(<|u - <u>_V|^2>_V),0.6279296499742325,2.0747246742248535,0.26082584261894226,0.9607545644972922,1.00001,96075.81590720461,<0.5 * rho * |u|^2>_V,0.2512708152468145,<0.5 * |B|^2>_V,0.9272573504094261,3.690270792087867,0,0,0,"Mean pressure over rho > 0 and eint >= 0 cells; this is a valid-cell conditional mean, not an unconditional volume mean.",0.9607581590783403,p = (gamma - 1) * eint,derived_from_extracted_eint,2.074763593763592,0.26082417968920873,262144000,0.6279256927035437,"sqrt(<gamma * p / rho>_V) over rho > 0, eint >= 0 cells",1.0000063021321388,AthenaK simulation code units,-0.3589103726317484,-0.006425239404409989,0.19565559681251354,volume,outlier:large_deltaB
L640_sub01651,8075104256,7.175556429894641,8388609024,123.46255754795857,14639740,178.8759334019851,24855004,31358163,33244939,53.1064492338337,33938440,2.2107651960104704,389021696000,0,0,0,0,0,323929381124,81.70462041953579,65092314876,0.033934755716472864,0.05951831303536892,17331473,3039232,0,33924028,2.197440999094397,389021696000,0,0,0,0,0,215397489120,89.06416224381246,173624206880,0.03142191702499986,0.061489739920943975,14026690,3039232,108531892004,"[1920, 2560, 4480, 5120, 3840, 4480]",0.34919536113739014,0.03124275617301464,0,0.002795311389490962,0.5909275412559509,640,0,1920,2560,4480,5120,3840,4480,18.88761329650879,0,0.5901010632514954,0,0,0.9972046613693237,4.048933982849121,1.0078614950180054,0,0.12826572358608246,-1.0949056148529053,4.049002170562744,100786.9296875,0,12826.509765625,-1.094911813735962,0.17459768056869507,3.1161673069000244,-0.2529888451099396,0,0.18184863030910492,0.33306291699409485,2.9316372871398926,0.2857205867767334,0,0.3364558815956116,0.6642999649047852,2.7447996139526367,-0.18467138707637787,0,0.27549079060554504,-0.6012430191040039,0.12726522982120514,1651,-0.25101548433303833,0.28349190950393677,-0.1832309067249298,0.03112066723406315,0.5886183977127075,7.813467592000961,8388608000,"[4048, 4049, 4050, 4051, 4052, 4053, 4054, 4055, 4056, 4057, 4058, 4059, 4060, 4061, 4062, 4063]",0.7869470382210155,sqrt(<|B|^2 / rho>_V) over rho > 0 cells,0.6268143615801796,262144000,numpy mmap KJI traversal in chunks of at most 8 k-planes,262144000,newly_computed_full_resolution_primitive_exploratory,sqrt(<|u - <u>_V|^2>_V),0.493269705359919,1.3313524723052979,0.4637807607650757,1.0078615059149072,1.00001,100786.55193895707,<0.5 * rho * |u|^2>_V,0.20644375024240993,<0.5 * |B|^2>_V,0.1745976873744312,0.8457397580184214,0,0,0,"Mean pressure over rho > 0 and eint >= 0 cells; this is a valid-cell conditional mean, not an unconditional volume mean.",1.0078655193961734,p = (gamma - 1) * eint,derived_from_extracted_eint,1.331366250008722,0.4637799609405383,262144000,0.49326628219619406,"sqrt(<gamma * p / rho>_V) over rho > 0, eint >= 0 cells",1.000006939788606,AthenaK simulation code units,-0.24545869459084463,0.30119114125142915,-0.19621221407356704,volume,outlier:large_dBB
